unique_id,ds,NBEATS,NLinear,KAN,MLP,DLinear,y
T000000,1985-07-31,2.8627834,0.1245594,2.5317905,3.2519174,3.842075,1.02
T000000,1985-10-31,1.6819177,-2.9603271,1.6739668,2.7788055,5.347298,0.72
T000000,1986-01-31,1.609854,-3.8962646,0.879504,2.2873378,6.474555,0.94
T000000,1986-04-30,1.8463789,-3.5890224,0.8392925,1.0119725,6.990443,1.14
T000000,1986-07-31,1.7467096,-3.0396163,1.0484477,1.0118601,6.366206,1.03
T000000,1986-10-31,1.4295828,-2.4132504,1.0884848,1.0188012,6.0186577,3.09
T000001,1989-07-31,101.394585,100.22933,100.06336,101.00819,95.17722,99.0
T000001,1989-10-31,100.758965,95.1613,99.02506,99.948944,102.198845,109.0
T000001,1990-01-31,111.13312,113.7338,104.422386,99.95452,106.36219,110.0
T000001,1990-04-30,112.27953,112.96814,109.54224,99.942696,108.427284,123.0
T000001,1990-07-31,126.075745,140.37233,117.0491,100.920166,111.780975,118.0
T000001,1990-10-31,121.557724,133.5243,120.6584,109.191536,106.67582,147.0
T000002,1987-07-31,254.19798,222.2954,256.03857,264.3024,282.56372,258.0
T000002,1987-10-31,263.5716,225.6383,252.96463,257.95236,275.6785,191.0
T000002,1988-01-31,214.12169,150.57504,226.62259,247.37775,292.53442,288.0
T000002,1988-04-30,305.74426,306.97247,243.59715,247.02248,247.26233,289.0
T000002,1988-07-31,299.14703,311.72186,288.54224,257.8577,300.14542,214.0
T000002,1988-10-31,217.19241,169.04083,253.87602,247.69304,246.15875,153.0
T000003,2002-04-30,48852.684,52174.25,42942.52,45640.164,35230.867,38440.7
T000003,2002-07-31,39652.64,36556.625,42281.77,45771.457,41747.848,36465.9
T000003,2002-10-31,37317.977,29111.977,37515.86,39759.996,40674.21,27207.9
T000003,2003-01-31,30673.605,14538.531,32130.195,38488.723,48425.992,36602.0
T000003,2003-04-30,39845.664,28136.734,32301.744,36591.8,43031.21,40931.4
T000003,2003-07-31,43334.61,34914.246,38949.566,36591.516,51391.004,43695.3
T000004,1986-04-30,740889.06,721120.9,676169.94,583201.8,775555.5,654071.0
T000004,1986-07-31,686593.44,660112.0,684512.4,582537.7,717152.6,691346.0
T000004,1986-10-31,714490.2,776085.6,674282.94,635122.5,657921.06,745667.0
T000004,1987-01-31,771764.8,887737.0,720800.94,654007.7,639098.3,722636.0
T000004,1987-04-30,762092.06,867110.06,734881.1,691532.9,607336.56,701800.0
T000004,1987-07-31,748740.7,865146.25,712878.06,701715.9,562565.6,741918.0
T000005,1986-07-31,682.8711,623.68353,586.36127,407.3037,781.605,564.31
T000005,1986-10-31,594.39056,568.2649,604.76556,425.472,655.58966,521.39
T000005,1987-01-31,551.51196,595.8502,544.2097,521.5569,558.06445,581.11
T000005,1987-04-30,621.93536,756.28796,553.7725,522.29645,448.60077,619.83
T000005,1987-07-31,666.60583,801.34644,602.10547,564.8764,437.2061,564.64
T000005,1987-10-31,607.8922,692.90894,593.9834,564.62445,445.5236,656.69
T000006,1980-07-31,23.57391,16.612099,25.324518,18.124422,25.83867,23.3
T000006,1980-10-31,30.293882,27.207937,20.965418,18.152578,30.095875,49.3
T000006,1981-01-31,53.305473,65.980286,37.398205,23.188934,29.401352,26.7
T000006,1981-04-30,28.289997,21.79606,38.715977,26.672161,37.03816,16.8
T000006,1981-07-31,21.206177,12.496208,22.063635,23.261835,32.060432,23.0
T000006,1981-10-31,29.40405,28.090626,20.16188,22.984167,25.367964,48.2
T000007,1989-07-31,134.16772,85.315735,138.13548,138.54248,186.95312,160.31
T000007,1989-10-31,170.15157,151.25545,144.58589,138.62914,173.30139,156.15
T000007,1990-01-31,164.18216,141.47229,158.36179,138.54034,189.95375,172.8
T000007,1990-04-30,177.07959,177.11853,165.17828,148.92348,175.09015,169.68
T000007,1990-07-31,175.17398,189.76402,171.33884,156.16972,173.3135,167.6
T000007,1990-10-31,175.0145,189.75058,168.70589,160.2891,147.5101,182.17
T000008,1986-04-30,4190.351,4363.3525,3541.6948,3205.5632,2476.9346,2715.0
T000008,1986-07-31,3173.1636,3403.231,3308.3552,3220.7637,3869.4207,3203.0
T000008,1986-10-31,3534.6177,3140.5144,2979.6125,3198.7834,2035.9205,2098.0
T000008,1987-01-31,2381.4902,1569.7863,2685.5068,3224.1904,4181.6885,1015.0
T000008,1987-04-30,1283.5994,-1141.1746,1590.8098,2728.276,2112.0012,3712.0
T000008,1987-07-31,4158.8535,4022.49,2477.4177,2726.9475,4954.9565,4139.0
T000009,1988-07-31,11288.34,13425.166,11282.625,10078.286,8934.738,12770.0
T000009,1988-10-31,13931.336,17587.709,11700.212,10452.596,8305.702,13819.0
T000009,1989-01-31,14903.143,18482.209,13338.809,12030.924,9472.709,15038.0
T000009,1989-04-30,16077.238,20272.428,14479.989,12336.476,10064.926,15518.0
T000009,1989-07-31,16816.914,21359.148,15298.274,12771.933,11131.112,12623.0
T000009,1989-10-31,13996.104,15720.596,14162.215,12765.555,9961.535,10887.0
T000010,1990-01-31,128.88408,81.95816,132.69696,133.08885,179.58981,154.0
T000010,1990-04-30,163.45389,145.30643,138.89388,133.17207,166.47469,150.0
T000010,1990-07-31,157.71594,135.90045,152.12672,133.0868,182.47081,166.0
T000010,1990-10-31,170.11127,170.15234,158.67581,143.06096,168.19824,163.0
T000010,1991-01-31,168.27803,182.29414,164.59505,150.01884,166.49146,161.0
T000010,1991-04-30,168.12273,182.27682,162.06335,153.97987,141.70316,175.0
T000011,1982-07-31,230.73389,115.306625,244.49586,210.7824,363.69702,288.0
T000011,1982-10-31,310.62177,286.33502,252.75238,210.71947,327.1155,333.0
T000011,1983-01-31,353.3029,387.5282,312.40076,218.31456,331.018,366.0
T000011,1983-04-30,384.04883,468.55936,350.8939,275.03033,277.2364,278.0
T000011,1983-07-31,303.26907,358.5893,324.78787,277.61246,260.43768,320.0
T000011,1983-10-31,358.75055,443.78424,300.77402,287.92053,216.10875,331.0
T000012,1992-07-31,430.95413,428.32147,428.53168,426.9837,427.56387,436.0
T000012,1992-10-31,437.55817,444.19324,432.33792,427.97174,434.86053,475.0
T000012,1993-01-31,481.3143,518.0077,457.1473,428.79135,433.50024,512.0
T000012,1993-04-30,526.32007,595.88464,495.06284,433.65912,439.36035,610.0
T000012,1993-07-31,639.9824,788.7192,565.1394,435.29382,446.60413,639.0
T000012,1993-10-31,681.02136,857.72736,625.7249,474.4988,448.20905,613.0
T000013,1986-04-30,28102.2,28837.248,27142.477,24351.24,27477.21,24207.0
T000013,1986-07-31,24739.957,23972.988,26041.297,24194.764,26073.814,29154.0
T000013,1986-10-31,29958.473,33788.426,26889.455,24843.053,25246.994,29058.0
T000013,1987-01-31,30045.605,33589.75,29109.041,26552.475,25105.738,28628.0
T000013,1987-04-30,29671.383,32668.424,28856.623,27664.158,24943.695,26204.0
T000013,1987-07-31,27512.924,29518.543,27492.793,27683.11,25107.438,28345.0
T000014,1986-07-31,133914.75,129555.484,124753.125,121021.29,133801.3,116357.0
T000014,1986-10-31,119473.7,104259.96,124561.36,120785.29,134995.12,131782.0
T000014,1987-01-31,134439.39,134081.97,124721.03,120661.234,132269.78,121252.0
T000014,1987-04-30,123506.734,117597.87,126850.59,121104.83,133172.34,143642.0
T000014,1987-07-31,146306.31,156809.81,133392.72,121164.87,131088.28,128780.0
T000014,1987-10-31,132521.31,140066.9,136681.83,128786.76,128646.89,136479.0
T000015,1986-07-31,40439.082,46610.363,36813.387,29334.664,31950.152,25991.0
T000015,1986-10-31,28191.566,26818.127,32121.807,29281.738,30431.426,17254.0
T000015,1987-01-31,18870.334,11927.813,21899.291,29356.041,24783.395,17976.0
T000015,1987-04-30,20823.246,11370.79,17645.496,26515.035,27149.736,25295.0
T000015,1987-07-31,28826.957,20854.568,21944.645,25582.154,29419.693,32532.0
T000015,1987-10-31,35947.992,32799.652,29219.182,25566.396,35012.19,28565.0
T000016,1986-07-31,592402.94,514507.3,517392.0,446852.88,625008.5,547908.0
T000016,1986-10-31,579657.56,529415.5,555515.3,446795.28,635359.56,548596.0
T000016,1987-01-31,573144.75,578674.25,548281.06,464852.56,548025.75,572670.0
T000016,1987-04-30,592915.4,656162.1,561649.9,547756.7,526356.3,592558.0
T000016,1987-07-31,619233.3,709998.6,583454.06,548344.1,475184.25,561684.0
T000016,1987-10-31,596415.2,692603.2,578099.1,561814.56,441128.94,615553.0
T000017,1986-07-31,132874.52,140240.64,130974.234,119163.87,126934.484,117287.0
T000017,1986-10-31,121384.53,121826.81,124330.17,117265.875,120914.41,131388.0
T000017,1987-01-31,135910.23,151375.4,124933.11,123217.27,113437.27,130712.0
T000017,1987-04-30,133851.88,143023.17,131071.414,130486.516,116099.71,130036.0
T000017,1987-07-31,133710.56,141058.17,130395.414,130504.43,122683.695,135511.0
T000017,1987-10-31,140792.81,155452.8,133004.75,130511.06,117169.45,132519.0
T000018,1986-07-31,41379.055,47269.242,37856.223,32680.498,34289.617,23457.0
T000018,1986-10-31,25154.559,21711.25,31261.004,32690.203,26263.578,16380.0
T000018,1987-01-31,18763.475,10896.689,20142.701,32756.953,28864.219,20976.0
T000018,1987-04-30,24827.25,18001.39,18872.129,23685.94,25383.057,28459.0
T000018,1987-07-31,32132.986,25854.416,25033.572,23483.062,30878.104,31185.0
T000018,1987-10-31,34233.31,29026.1,29937.143,23523.963,35603.47,33170.0
T000019,1986-07-31,682875.6,623688.25,586362.56,407290.7,781605.5,564309.0
T000019,1986-10-31,594391.0,568266.3,604767.2,425471.0,655600.0,521386.0
T000019,1987-01-31,551508.9,595844.6,544207.3,521552.84,558055.3,581109.0
T000019,1987-04-30,621934.7,756290.75,553770.1,522294.47,448597.7,619826.0
T000019,1987-07-31,666602.2,801340.25,602102.9,564875.44,437197.22,564637.0
T000019,1987-10-31,607890.06,692907.1,593979.9,564621.44,445524.3,656687.0
T000020,1979-07-31,115999.19,110760.84,120308.08,125119.836,118554.29,115452.0
T000020,1979-10-31,116652.695,109155.38,115066.11,125136.125,121079.36,119101.0
T000020,1980-01-31,121155.9,114648.16,117430.63,119264.695,125383.67,116187.0
T000020,1980-04-30,118239.32,107015.61,117736.32,116143.305,125058.24,120615.0
T000020,1980-07-31,122661.42,116794.805,118588.03,116184.875,129653.2,122262.0
T000020,1980-10-31,123906.0,119058.625,121508.07,116170.336,128227.7,122630.0
T000021,1988-07-31,153208.3,144022.0,144540.25,138755.38,153968.72,140471.0
T000021,1988-10-31,144094.08,129451.79,145277.92,138669.7,155537.77,144997.0
T000021,1989-01-31,149865.62,148586.72,142925.17,138650.42,153373.23,152431.0
T000021,1989-04-30,155966.73,160349.08,149028.0,140420.23,146064.73,154517.0
T000021,1989-07-31,156920.48,167516.88,153562.11,145000.58,146565.83,153713.0
T000021,1989-10-31,157761.98,172470.25,154140.47,149601.17,137724.11,152062.0
T000022,2003-10-31,407.4616,542.3467,369.63608,308.92004,218.98117,365.74
T000022,2004-01-31,406.02112,529.6764,366.9097,349.99982,225.26881,334.23
T000022,2004-04-30,369.93243,447.56195,350.98325,350.059,227.65547,322.87
T000022,2004-07-31,353.08456,395.50836,328.90988,350.4984,249.57388,340.42
T000022,2004-10-31,366.43906,393.1577,332.38632,341.03867,277.93628,339.82
T000022,2005-01-31,357.13617,352.0479,340.139,339.7818,315.60394,337.02
T000023,1988-04-30,1234.3634,681.1628,1119.8997,1173.8082,1675.7395,894.0
T000023,1988-07-31,1000.43115,274.71094,1042.3389,1057.8295,1769.8961,1185.0
T000023,1988-10-31,1317.959,940.93713,1051.7915,1060.3782,1568.002,1427.0
T000023,1989-01-31,1520.8275,1325.2596,1316.2218,1057.0691,1716.5364,1276.0
T000023,1989-04-30,1323.6266,1135.6823,1356.2837,1173.5681,1553.8983,871.0
T000023,1989-07-31,919.79565,645.17993,1086.3306,1173.6635,1342.2504,931.0
T000024,1988-04-30,1047.6641,426.07343,1059.1818,1182.5435,1658.8865,832.0
T000024,1988-07-31,966.53284,207.88745,915.4738,1125.7963,1658.4773,1401.0
T000024,1988-10-31,1539.4772,1284.4302,1140.5338,1122.5831,1651.1467,1537.0
T000024,1989-01-31,1621.9917,1450.728,1474.7445,1121.334,1711.7977,1369.0
T000024,1989-04-30,1436.5642,1320.1187,1458.3223,1125.4604,1677.8417,1082.0
T000024,1989-07-31,1175.2687,1107.0559,1234.5923,1084.374,1362.4868,1376.0
T000025,1988-04-30,1047.6641,426.07343,1059.1818,1182.5435,1658.8865,832.0
T000025,1988-07-31,966.53284,207.88745,915.4738,1125.7963,1658.4773,1401.0
T000025,1988-10-31,1539.4772,1284.4302,1140.5338,1122.5831,1651.1467,1537.0
T000025,1989-01-31,1621.9917,1450.728,1474.7445,1121.334,1711.7977,1369.0
T000025,1989-04-30,1436.5642,1320.1187,1458.3223,1125.4604,1677.8417,1082.0
T000025,1989-07-31,1175.2687,1107.0559,1234.5923,1084.374,1362.4868,1376.0
T000026,1984-07-31,216.2974,123.22119,217.64696,217.87178,288.77454,263.79
T000026,1984-10-31,277.95572,244.07616,237.31308,218.04428,304.3339,298.49
T000026,1985-01-31,313.23938,310.9792,282.60568,217.86528,308.9208,305.65
T000026,1985-04-30,319.3288,344.9147,302.37244,227.73381,295.8625,224.5
T000026,1985-07-31,236.54547,224.21506,267.64587,227.70786,259.15295,268.3
T000026,1985-10-31,282.99158,307.35196,248.25005,264.33432,255.60919,297.9
T000027,1982-01-31,8.360742,6.2981286,9.017906,6.997591,8.919429,6.6
T000027,1982-04-30,7.4205513,5.9506416,6.416895,6.9880114,5.7419395,12.0
T000027,1982-07-31,12.789244,14.338322,9.52809,6.9729643,12.364894,5.3
T000027,1982-10-31,6.418372,2.892332,8.862258,6.565627,8.015462,3.9
T000027,1983-01-31,5.0837917,2.8061118,4.644353,6.1943016,6.9013405,6.4
T000027,1983-04-30,7.415475,4.4629865,5.2555966,6.1958942,8.2600155,12.7
T000028,1985-01-31,47280.625,7551.7344,66077.59,74621.23,56653.08,76930.0
T000028,1985-04-30,85421.76,89028.64,59907.688,77230.266,89438.016,74714.0
T000028,1985-07-31,83461.19,58052.71,75892.2,74875.34,74478.3,80396.0
T000028,1985-10-31,86819.07,71517.29,77795.0,76834.875,109494.68,58518.0
T000028,1986-01-31,63862.016,44414.266,70150.1,74805.875,74235.875,84043.0
T000028,1986-04-30,90693.55,77056.82,72358.64,74673.79,105761.32,75393.0
T000029,1985-01-31,1125.1227,1205.7969,1075.5895,884.26263,1069.6044,724.0
T000029,1985-04-30,830.3867,648.96906,852.13495,853.0191,632.85223,595.0
T000029,1985-07-31,642.9586,275.24927,663.5868,855.59503,1172.1277,1088.0
T000029,1985-10-31,1136.7146,1146.2505,862.32367,888.0351,964.2678,836.0
T000029,1986-01-31,891.69055,751.44324,969.98346,838.7349,1032.1665,975.0
T000029,1986-04-30,1056.4456,1061.1346,911.37115,838.15375,936.1223,791.0
T000030,1994-01-31,275.2777,251.58762,311.99173,366.96753,303.42273,344.0
T000030,1994-04-30,378.07605,401.87915,298.68164,359.15872,244.82794,250.0
T000030,1994-07-31,274.49982,164.27072,299.97797,344.8338,347.59964,333.0
T000030,1994-10-31,353.60742,300.3338,295.0058,333.7651,346.57498,207.0
T000030,1995-01-31,233.77231,73.318146,273.99173,250.85777,383.59454,393.0
T000030,1995-04-30,419.00558,388.98932,307.8564,249.47672,398.5754,389.0
T000031,1984-07-31,380.44742,227.63133,384.77444,351.32742,561.29236,452.03
T000031,1984-10-31,481.43668,445.30753,406.1898,350.91614,510.9195,492.06
T000031,1985-01-31,516.27893,546.9031,473.7358,351.7538,506.94122,493.8
T000031,1985-04-30,511.20212,575.5038,493.00348,414.77567,433.64032,394.42
T000031,1985-07-31,421.50732,461.57626,447.2584,413.9909,410.76794,457.29
T000031,1985-10-31,497.04874,577.53735,428.51056,452.34378,347.69147,467.76
T000032,1985-01-31,121433.69,118560.586,98428.2,101951.37,148662.03,159561.0
T000032,1985-04-30,172002.56,198488.34,136444.52,101595.44,85372.68,119795.0
T000032,1985-07-31,129084.16,121931.875,140937.8,108424.69,157809.6,71246.0
T000032,1985-10-31,80234.516,56019.285,97058.55,95104.195,89134.01,93746.0
T000032,1986-01-31,102432.375,89791.734,83446.37,93759.445,116800.555,70472.0
T000032,1986-04-30,76662.36,31802.578,82846.33,94557.68,96251.39,124193.0
T000033,1986-04-30,902.2138,901.25244,904.4187,918.0634,864.59924,870.0
T000033,1986-07-31,881.3136,865.6232,880.1019,918.4618,887.0296,922.0
T000033,1986-10-31,942.1411,936.8753,898.1964,918.15546,909.5672,890.0
T000033,1987-01-31,909.29346,872.5789,907.0138,890.516,928.67737,896.0
T000033,1987-04-30,906.3445,867.05383,893.2534,889.9384,925.40186,873.0
T000033,1987-07-31,882.5058,821.77936,885.22864,889.1354,965.9509,882.0
T000034,1986-04-30,799.48474,-486.0719,447.92715,631.4886,1784.317,310.0
T000034,1986-07-31,667.01447,-939.9503,423.24792,527.7597,1957.1066,312.0
T000034,1986-10-31,574.8428,-983.1216,311.08447,357.22208,1967.3323,244.0
T000034,1987-01-31,382.7176,-975.33203,280.15427,312.45602,1878.3396,233.0
T000034,1987-04-30,333.02496,-787.57166,238.84848,310.7472,1654.0653,456.0
T000034,1987-07-31,526.39795,195.90906,353.91922,310.83447,1099.6224,839.0
T000035,1922-10-31,22141.82,24690.156,21251.172,19683.76,18875.889,21843.0
T000035,1923-01-31,22547.973,24925.385,21726.729,19855.266,18825.922,20843.0
T000035,1923-04-30,21712.172,23839.137,21374.68,20854.43,19199.031,22523.0
T000035,1923-07-31,23444.666,26145.695,21753.96,20849.975,18711.705,23357.0
T000035,1923-10-31,24082.697,27068.377,22975.227,21593.742,20103.79,24115.0
T000035,1924-01-31,24959.71,28034.537,23768.018,21842.395,20136.0,23087.0
T000036,1921-10-31,264.07852,270.86765,268.86224,237.68791,280.32565,235.0
T000036,1922-01-31,247.49695,255.59048,240.84848,234.83415,182.64261,321.0
T000036,1922-04-30,340.15857,397.18036,281.63254,234.67487,300.8947,278.0
T000036,1922-07-31,300.62317,346.1275,300.86224,245.60393,189.5203,291.0
T000036,1922-10-31,304.5949,357.89462,285.0491,278.0977,229.32938,305.0
T000036,1923-01-31,328.6831,386.61768,298.59134,278.54117,259.9868,285.0
T000037,1986-07-31,21225.824,28541.7,14899.188,16650.807,5298.36,13260.0
T000037,1986-10-31,16614.52,18270.547,15080.474,16761.47,9017.129,19634.0
T000037,1987-01-31,22706.34,23015.06,16716.23,16675.457,12950.495,10334.0
T000037,1987-04-30,14366.707,6759.4043,15278.627,13292.725,20230.75,34632.0
T000037,1987-07-31,39146.1,46770.375,23509.316,13171.416,22120.547,35165.0
T000037,1987-10-31,38933.742,48835.492,34921.01,16599.361,29316.133,42445.0
T000038,1986-07-31,9221.496,7307.775,8180.8125,7908.904,10835.01,10736.0
T000038,1986-10-31,12097.203,10720.815,9726.637,7905.247,12419.091,11081.0
T000038,1987-01-31,12105.047,12387.484,10923.072,8521.98,11028.243,7666.0
T000038,1987-04-30,7939.9375,5494.098,9481.688,8527.741,10153.877,5639.0
T000038,1987-07-31,6309.3066,2531.3003,6716.716,7760.6045,11490.348,6030.0
T000038,1987-10-31,6694.8164,4282.8477,5851.015,7725.528,7839.233,5339.0
T000039,1986-07-31,181569.95,235058.08,162415.88,170135.31,79165.02,165671.0
T000039,1986-10-31,189698.83,234816.7,160256.14,170387.16,95594.69,178926.0
T000039,1987-01-31,203621.97,229357.53,172858.38,169957.97,117557.95,160058.0
T000039,1987-04-30,180685.33,174441.62,170089.75,165711.75,147535.4,182222.0
T000039,1987-07-31,195549.81,194873.22,172076.17,165710.12,170778.92,194522.0
T000039,1987-10-31,200207.17,199050.3,188891.53,165695.69,199565.69,209704.0
T000040,1986-07-31,30939.191,40334.78,22604.236,11216.177,21140.52,16464.0
T000040,1986-10-31,18818.412,18746.23,23144.031,11195.887,15305.963,11759.0
T000040,1987-01-31,14360.482,15674.72,14260.556,11713.175,14201.262,13664.0
T000040,1987-04-30,15976.778,17366.084,12791.965,13645.692,9966.826,15708.0
T000040,1987-07-31,17301.023,16163.148,14772.336,14953.612,13961.282,20386.0
T000040,1987-10-31,22300.385,27542.352,18244.592,15699.235,14215.428,17003.0
T000041,1912-10-31,17231.123,16077.779,13990.893,14357.059,9450.14,10687.0
T000041,1913-01-31,12521.154,10175.793,12185.807,14391.714,10602.051,8095.0
T000041,1913-04-30,11214.26,-606.6299,9473.115,13550.136,16156.63,7817.0
T000041,1913-07-31,13142.079,753.49805,7964.807,10807.757,22648.324,10219.0
T000041,1913-10-31,13991.111,2765.4697,9119.457,10287.502,15208.403,12726.0
T000041,1914-01-31,14201.366,1886.8242,11578.393,10293.887,27671.246,10673.0
T000042,1989-07-31,1907.5391,1861.6244,1982.1267,2071.7256,1958.1404,2259.0
T000042,1989-10-31,2370.9158,2569.2603,2042.9366,2153.2988,1821.5486,2390.0
T000042,1990-01-31,2454.023,2719.802,2330.0332,2162.7742,2127.6074,2205.0
T000042,1990-04-30,2260.301,2325.7734,2303.3608,2204.151,1989.4075,2047.0
T000042,1990-07-31,2164.454,2232.178,2131.0054,2154.8132,2153.6143,2364.0
T000042,1990-10-31,2480.9883,2688.7517,2218.8896,2206.3347,1915.67,2038.0
T000043,1989-07-31,127.3323,139.54848,125.84848,120.09203,113.96879,137.0
T000043,1989-10-31,144.59018,164.64471,129.21806,127.9716,106.33093,139.0
T000043,1990-01-31,143.64247,162.14319,138.08447,130.99121,119.19833,135.0
T000043,1990-04-30,139.86563,150.74588,137.12672,131.99367,117.519684,122.0
T000043,1990-07-31,128.68898,132.21494,128.91185,131.11076,122.3753,123.0
T000043,1990-10-31,128.37897,125.25097,122.54224,122.91928,114.97763,117.0
T000044,1979-07-31,70.8587,51.260593,71.3168,71.20309,93.58484,77.0
T000044,1979-10-31,79.437584,67.520035,71.96462,71.12414,81.174324,67.0
T000044,1980-01-31,69.84348,54.762146,72.3168,67.00562,93.873856,76.0
T000044,1980-04-30,77.41185,73.254684,71.88015,66.93906,74.84419,76.0
T000044,1980-07-31,77.70469,80.64041,76.02506,76.0485,80.71579,91.0
T000044,1980-10-31,94.06436,105.84233,84.13358,75.94458,70.01221,76.0
T000045,1979-07-31,1.835556,1.9368055,1.7854223,1.6995481,1.6925026,1.78
T000045,1979-10-31,1.8096209,1.8877813,1.7853167,1.7601104,1.6654335,1.86
T000045,1980-01-31,1.8827119,1.9931988,1.823379,1.7797842,1.7469059,2.04
T000045,1980-04-30,2.0910983,2.3528466,1.957603,1.778895,1.7564716,2.02
T000045,1980-07-31,2.0872502,2.3278136,2.0306334,1.7885807,1.7476218,2.16
T000045,1980-10-31,2.2489963,2.6181428,2.0959136,1.859458,1.7898483,2.25
T000046,1989-07-31,88.778656,74.21037,93.50688,92.21221,115.39164,94.0
T000046,1989-10-31,96.79473,84.19557,89.88015,91.97333,95.516655,98.0
T000046,1990-01-31,100.957245,98.37212,96.16895,94.09979,114.44959,108.0
T000046,1990-04-30,110.37073,111.60351,103.422386,93.97299,95.4349,88.0
T000046,1990-07-31,91.8691,83.55221,98.633606,94.139114,111.38725,101.0
T000046,1990-10-31,104.63765,107.65037,95.0491,94.03521,90.474525,93.0
T000047,1972-07-31,94.66644,86.4012,99.69697,110.10022,108.21744,113.0
T000047,1972-10-31,118.9917,124.44137,101.55597,110.04689,88.55184,114.0
T000047,1973-01-31,116.76426,123.52816,113.54224,110.086174,109.51968,124.0
T000047,1973-04-30,127.09325,138.18199,119.422386,109.95569,100.815025,93.0
T000047,1973-07-31,100.41641,93.71576,109.48209,110.00828,109.99053,127.0
T000047,1973-10-31,134.84128,151.62051,111.43612,113.13479,94.22021,128.0
T000048,1972-07-31,113.649864,120.348595,114.72176,108.03198,107.74664,117.0
T000048,1972-10-31,120.45056,129.62804,114.25343,107.976395,102.76161,90.0
T000048,1973-01-31,94.72516,83.19572,104.35537,108.15112,106.38154,137.0
T000048,1973-04-30,142.60098,163.00667,115.48522,110.96985,107.37141,126.0
T000048,1973-07-31,131.35878,143.66609,131.84848,116.99804,115.10684,130.0
T000048,1973-10-31,135.80078,148.81445,128.16896,117.02174,109.37362,126.0
T000049,1972-07-31,16.179167,12.336193,17.358402,18.605581,21.23558,22.1
T000049,1972-10-31,23.359379,25.331682,18.712566,19.2888,17.94784,22.6
T000049,1973-01-31,23.319855,25.908167,22.37112,19.676523,20.174212,21.8
T000049,1973-04-30,22.53233,24.35416,22.225346,20.01549,18.540602,16.3
T000049,1973-07-31,18.16968,17.782984,19.224241,19.742887,19.628984,23.9
T000049,1973-10-31,25.765406,29.668457,20.421013,21.785818,16.573803,24.4
T000050,1972-07-31,197.74414,223.49179,187.7112,179.97499,152.98718,197.0
T000050,1972-10-31,207.91982,239.95581,193.79567,182.9668,162.4674,196.0
T000050,1973-01-31,208.52797,235.89998,196.53168,185.00168,150.28113,193.0
T000050,1973-04-30,200.20753,217.5955,194.59505,190.0656,169.75037,185.0
T000050,1973-07-31,189.59758,195.15909,189.25345,190.08226,174.36034,158.0
T000050,1973-10-31,161.89767,138.85431,172.35536,190.07481,177.27373,197.0
T000051,1977-07-31,30.78991,37.20419,30.12672,26.984304,20.6937,26.0
T000051,1977-10-31,27.839132,30.545599,27.06336,26.981432,19.12647,21.0
T000051,1978-01-31,22.671478,20.41187,23.658401,27.021732,23.861618,23.0
T000051,1978-04-30,24.90458,20.798307,22.084476,26.042221,23.510015,22.0
T000051,1978-07-31,23.703627,17.703442,22.531681,23.01498,27.770391,23.0
T000051,1978-10-31,24.27424,16.223724,22.542238,22.998777,28.853546,17.0
T000052,1977-07-31,42.3155,54.454155,38.084476,29.982204,26.51618,45.0
T000052,1977-10-31,48.530228,63.308666,42.253433,32.9771,25.397457,40.0
T000052,1978-01-31,43.79685,55.197277,42.6584,37.02577,30.71411,42.0
T000052,1978-04-30,46.612473,58.14457,41.084476,38.99423,26.84302,42.0
T000052,1978-07-31,45.69318,56.11737,42.025063,40.018295,29.803684,40.0
T000052,1978-10-31,42.586357,46.475807,41.063362,39.982586,29.855217,32.0
T000053,1977-07-31,79.99855,97.588486,74.53168,63.95453,57.031105,88.0
T000053,1977-10-31,93.87187,113.44945,81.59134,73.96759,57.05738,70.0
T000053,1978-01-31,75.10491,84.500725,79.570244,74.01116,67.6818,76.0
T000053,1978-04-30,81.76066,89.169586,73.25343,73.978004,58.334267,69.0
T000053,1978-07-31,73.00652,76.54601,72.72176,74.031746,70.5243,72.0
T000053,1978-10-31,74.373634,70.43131,70.62672,71.9446,61.796196,61.0
T000054,1977-07-31,118.56445,141.27678,110.16895,96.951065,93.78772,128.0
T000054,1977-10-31,134.89954,160.51994,120.67582,107.969475,87.61029,102.0
T000054,1978-01-31,108.91673,118.81065,115.823685,108.072075,100.59662,117.0
T000054,1978-04-30,125.917984,141.99512,110.13358,107.97578,89.58109,111.0
T000054,1978-07-31,117.05762,127.506424,114.19008,111.01686,101.31126,135.0
T000054,1978-10-31,140.23862,157.87012,124.013725,111.89541,100.04162,107.0
T000055,1986-07-31,585.0442,384.7092,740.6969,872.91064,737.4205,769.0
T000055,1986-10-31,826.35315,762.5338,662.3416,807.40826,794.3615,949.0
T000055,1987-01-31,996.18225,1040.1519,866.60297,890.19696,854.08746,958.0
T000055,1987-04-30,992.0725,971.31195,953.8801,890.73456,885.6996,894.0
T000055,1987-07-31,949.2031,1021.0631,928.0275,894.1985,936.3598,932.0
T000055,1987-10-31,996.8951,1053.0815,914.60504,893.637,788.6696,880.0
T000056,1992-01-31,106.12076,97.0061,99.81394,95.41063,106.37235,98.9
T000056,1992-04-30,100.6764,91.609505,101.77108,95.472015,115.38219,98.4
T000056,1992-07-31,99.98965,93.256615,98.66584,95.46598,105.263084,103.5
T000056,1992-10-31,105.39115,107.597374,101.16541,98.43381,108.303085,116.2
T000056,1993-01-31,118.306595,128.92651,110.38643,98.860115,100.945694,107.9
T000056,1993-04-30,110.58479,118.01889,112.31295,103.56503,106.09831,108.7
T000057,1986-07-31,4506.1875,3913.6455,3935.6013,3399.0442,4754.238,4167.73
T000057,1986-10-31,4409.2354,4027.0454,4225.593,3398.6062,4832.9395,4172.96
T000057,1987-01-31,4359.6914,4401.728,4170.5654,3535.9531,4168.701,4356.08
T000057,1987-04-30,4510.079,4991.1694,4272.255,4166.5786,4003.7922,4507.36
T000057,1987-07-31,4710.2686,5400.6826,4438.1094,4171.044,3614.5427,4272.52
T000057,1987-10-31,4536.706,5268.372,4397.38,4273.5127,3355.499,4682.28
T000058,1986-01-31,943.0865,972.80725,838.4591,894.8407,756.29083,845.13
T000058,1986-04-30,857.9757,834.01953,871.71405,895.999,878.0654,816.57
T000058,1986-07-31,826.2136,734.506,831.75476,846.37134,858.7519,673.73
T000058,1986-10-31,723.4476,542.4436,749.67523,818.1014,938.2079,876.08
T000058,1987-01-31,916.3929,862.3424,783.452,816.94324,850.13367,914.17
T000058,1987-04-30,937.72327,913.83527,896.7339,844.86127,964.8123,902.27
T000059,1987-10-31,153208.3,144022.0,144540.25,138755.38,153968.72,140471.0
T000059,1988-01-31,144094.08,129451.79,145277.92,138669.7,155537.77,144997.0
T000059,1988-04-30,149865.62,148586.72,142925.17,138650.42,153373.23,152431.0
T000059,1988-07-31,155966.73,160349.08,149028.0,140420.23,146064.73,154517.0
T000059,1988-10-31,156920.48,167516.88,153562.11,145000.58,146565.83,153713.0
T000059,1989-01-31,157761.98,172470.25,154140.47,149601.17,137724.11,152062.0
T000060,1989-07-31,163.82233,178.71333,153.21806,136.89679,147.09831,191.0
T000060,1989-10-31,198.42842,239.63377,177.26717,137.77704,148.36449,233.0
T000060,1990-01-31,248.2873,325.2057,213.77403,143.63133,151.56607,292.0
T000060,1990-04-30,318.91888,446.68774,264.9921,160.59923,155.52756,358.0
T000060,1990-07-31,398.71246,581.9568,327.78775,190.64983,158.54402,397.0
T000060,1990-10-31,449.86163,665.6961,379.1473,232.89772,161.13832,415.0
T000061,1989-07-31,119.54723,126.08812,117.53168,116.00984,108.22552,112.0
T000061,1989-10-31,114.055786,114.924446,114.6584,116.003586,108.360954,108.0
T000061,1990-01-31,109.445724,105.071205,110.126724,116.01035,111.39899,105.0
T000061,1990-04-30,106.61401,96.2823,106.59504,112.20977,112.98369,105.0
T000061,1990-07-31,106.84216,93.87898,105.02506,108.03884,115.9863,108.0
T000061,1990-10-31,110.05677,98.491394,106.62672,108.07481,119.340385,113.0
T000062,1989-07-31,93.35679,75.84427,90.54224,95.19769,106.8337,97.0
T000062,1989-10-31,99.522125,86.00574,94.25343,95.09285,109.13372,103.0
T000062,1990-01-31,105.24789,99.03895,100.25343,95.0853,110.15431,107.0
T000062,1990-04-30,109.192825,109.97613,105.16895,95.02639,108.432655,104.0
T000062,1990-07-31,106.39214,109.279686,105.59504,97.06781,104.117714,97.0
T000062,1990-10-31,98.92887,99.626144,100.72176,97.05497,99.183266,97.0
T000063,1987-07-31,17.821653,17.88785,18.019009,17.701223,17.70113,17.5
T000063,1987-10-31,17.648993,17.834772,17.606337,17.700775,17.434362,17.0
T000063,1988-01-31,17.137375,16.510324,17.26584,17.500376,17.339403,16.6
T000063,1988-04-30,16.769905,15.697976,16.812672,17.52656,17.67428,16.2
T000063,1988-07-31,16.441492,14.709909,16.412674,17.020317,17.639244,16.6
T000063,1988-10-31,16.921299,15.17838,16.416897,16.60567,18.346518,16.6
T000064,1988-07-31,127.98822,135.40413,125.02506,122.05661,114.48369,118.0
T000064,1988-10-31,120.48036,121.63628,121.72176,122.08195,116.127525,113.0
T000064,1989-01-31,114.540245,108.688896,115.6584,122.07754,115.70623,113.0
T000064,1989-04-30,114.79491,105.32256,113.02506,118.28151,121.84492,113.0
T000064,1989-07-31,114.985405,102.43779,113.02506,113.00033,124.009186,117.0
T000064,1989-10-31,119.22982,109.61864,115.16895,112.99963,128.17065,122.0
T000065,1979-07-31,174.60497,186.0752,170.38802,166.31114,156.83649,164.2
T000065,1979-10-31,167.2567,171.49799,167.70909,166.3191,157.15427,161.6
T000065,1980-01-31,163.77213,163.55386,162.98236,166.33087,159.4792,163.5
T000065,1980-04-30,164.99585,163.23103,162.63025,164.26665,163.58165,162.9
T000065,1980-07-31,164.22725,158.65494,163.21901,163.46323,166.04456,168.3
T000065,1980-10-31,169.70726,168.63344,165.8281,163.47414,170.06113,172.0
T000066,1979-07-31,85.11952,90.96949,82.87112,80.50514,75.8479,78.1
T000066,1979-10-31,79.70248,80.50834,80.7584,80.52353,75.78487,75.1
T000066,1980-01-31,76.16837,73.0194,76.69504,80.55101,77.03446,75.8
T000066,1980-04-30,76.88295,72.1329,75.47956,78.25349,79.348305,76.0
T000066,1980-07-31,77.10054,70.19741,75.90845,75.964355,81.640724,79.0
T000066,1980-10-31,80.25039,76.01147,77.62672,75.97793,84.086655,83.3
T000067,1979-07-31,171.63503,197.86897,159.95126,150.98495,133.00659,168.4
T000067,1979-10-31,175.83722,201.38495,166.52318,152.33195,137.51425,172.0
T000067,1980-01-31,179.55075,205.69762,170.35205,154.73932,141.06921,180.9
T000067,1980-04-30,188.97441,219.48007,176.82593,164.35883,147.62158,184.8
T000067,1980-07-31,193.30304,222.8561,183.01474,168.34473,150.8357,194.5
T000067,1980-10-31,203.56448,238.83926,190.05971,171.99727,154.98697,200.0
T000068,1980-07-31,31.057531,28.018923,28.141626,29.747755,31.255667,26.56
T000068,1980-10-31,27.525452,20.787392,28.447464,29.530363,33.89146,27.03
T000068,1981-01-31,28.118599,21.268393,26.814852,27.03392,33.990723,27.46
T000068,1981-04-30,28.708849,24.360525,27.26316,27.040531,33.81619,31.36
T000068,1981-07-31,32.003067,29.574827,29.57473,27.003227,32.451073,27.61
T000068,1981-10-31,28.216326,25.89873,29.603802,27.452307,33.801132,28.55
T000069,1980-07-31,59.783546,49.991493,57.303165,83.345245,63.112362,51.81
T000069,1980-10-31,57.704063,33.477074,53.6762,59.097366,69.468414,58.43
T000069,1981-01-31,64.89633,37.070255,55.399624,58.31712,81.99568,66.16
T000069,1981-04-30,72.27948,51.665276,62.621506,58.40505,87.78042,62.84
T000069,1981-07-31,67.50321,42.279182,64.60518,58.478863,91.77558,82.53
T000069,1981-10-31,87.02687,89.57773,73.51668,58.37703,91.54215,69.76
T000070,1980-07-31,111.07815,112.84589,105.25834,92.13179,106.32151,102.5
T000070,1980-10-31,105.12225,107.157455,105.743256,98.72874,105.28138,98.5
T000070,1981-01-31,100.24675,101.248726,100.626724,98.677,96.88374,94.6
T000070,1981-04-30,96.42023,96.189415,96.67355,98.728935,98.18501,97.5
T000070,1981-07-31,99.835495,99.42112,96.17249,98.52788,92.75385,89.8
T000070,1981-10-31,92.41204,84.2249,93.893936,97.57393,97.307625,90.6
T000071,1988-01-31,169.88008,182.97533,165.08447,161.02267,151.07443,169.0
T000071,1988-04-30,172.77505,186.04459,167.62671,162.99228,153.35252,170.0
T000071,1988-07-31,173.77267,186.1328,169.54224,163.98917,155.42331,171.0
T000071,1988-10-31,174.86224,186.58464,170.54224,166.03654,156.62415,164.0
T000071,1989-01-31,167.03995,171.0979,167.72176,166.00589,157.25285,162.0
T000071,1989-04-30,164.18057,164.1499,163.06335,166.06049,159.62941,163.0
T000072,1978-07-31,132.42781,175.3884,122.69173,114.271675,43.402985,125.04
T000072,1978-10-31,129.643,145.42624,124.44491,117.71372,107.43904,127.21
T000072,1979-01-31,131.94487,147.66376,126.21666,121.48032,109.49903,129.22
T000072,1979-04-30,133.87222,148.81776,128.2999,123.73808,111.12288,131.47
T000072,1979-07-31,135.94026,150.33246,130.44003,125.03185,113.5862,133.06
T000072,1979-10-31,137.36205,150.73068,132.33215,127.20698,116.568794,134.56
T000073,1978-07-31,131.88496,174.76855,122.276024,114.99684,43.067642,124.4
T000073,1978-10-31,129.0695,144.54733,123.80491,118.31089,106.66395,126.7
T000073,1979-01-31,131.36514,146.56439,125.64715,121.31806,108.77997,128.3
T000073,1979-04-30,132.81834,146.85175,127.56758,123.09061,110.91847,130.8
T000073,1979-07-31,135.09537,148.72063,129.6556,124.39782,113.76723,132.3
T000073,1979-10-31,136.3349,148.90448,131.61336,126.70249,116.72282,134.0
T000074,1978-07-31,139.67186,188.17073,127.948524,114.989784,44.30194,131.9
T000074,1978-10-31,137.94601,159.69054,131.07603,120.2025,107.672905,132.6
T000074,1979-01-31,138.82413,159.3613,132.27957,125.441925,109.387115,135.6
T000074,1979-04-30,141.87457,162.209,134.22672,130.10399,112.29396,136.9
T000074,1979-07-31,142.96169,160.84193,136.30492,131.88863,113.58062,138.6
T000074,1979-10-31,144.20996,160.13454,137.82181,132.60588,116.78726,140.6
T000075,1978-07-31,134.93631,179.29509,125.03025,116.29475,43.940872,127.3
T000075,1978-10-31,132.25247,149.15857,126.65914,120.11536,108.41694,129.2
T000075,1979-01-31,134.22462,150.51395,128.33025,124.0232,110.61022,131.7
T000075,1979-04-30,136.66481,152.3812,130.55559,125.888466,112.587234,134.0
T000075,1979-07-31,138.73782,153.71843,132.94716,127.28571,114.68678,135.7
T000075,1979-10-31,140.16347,153.87102,134.92181,129.19975,118.75362,137.2
T000076,1978-07-31,1231.6978,1584.5222,1158.4432,1129.8793,417.34436,1180.8
T000076,1978-10-31,1210.5862,1301.3998,1169.0813,1151.3022,1064.9624,1232.5
T000076,1979-01-31,1262.9937,1372.7799,1208.8337,1154.8867,1094.5597,1275.7
T000076,1979-04-30,1308.2878,1437.9579,1255.9247,1160.7836,1120.6273,1321.0
T000076,1979-07-31,1359.5331,1520.1575,1300.2634,1180.3513,1143.6967,1353.9
T000076,1979-10-31,1400.7695,1582.0481,1338.8396,1232.6035,1158.4146,1379.9
T000077,1986-07-31,11339.676,12049.141,11102.758,10655.099,10459.654,11324.0
T000077,1986-10-31,11560.147,12431.744,11256.251,10889.089,10501.219,11216.0
T000077,1987-01-31,11477.727,12250.416,11273.422,11016.636,10248.394,10972.0
T000077,1987-04-30,11185.134,11631.789,11101.73,11016.14,10360.366,11312.0
T000077,1987-07-31,11527.155,12092.118,11156.361,11179.269,10554.2295,11360.0
T000077,1987-10-31,11539.426,11946.081,11338.027,11217.347,10705.606,11276.0
T000078,1986-07-31,11882.259,12369.658,11692.338,11627.672,11071.666,12040.0
T000078,1986-10-31,12239.269,12828.71,11882.53,11686.153,11225.593,12288.0
T000078,1987-01-31,12505.149,13303.038,12174.476,11699.436,11390.061,12564.0
T000078,1987-04-30,12804.722,13596.068,12437.658,11693.909,11584.305,12552.0
T000078,1987-07-31,12798.61,13684.978,12558.38,12044.765,11731.205,12888.0
T000078,1987-10-31,13143.464,14148.881,12734.192,12288.216,11637.116,12892.0
T000079,1986-07-31,83205.875,93543.99,79508.93,75570.18,68744.24,82500.0
T000079,1986-10-31,85678.9,96597.52,81472.78,77618.92,69673.47,83620.0
T000079,1987-01-31,86770.414,97029.11,83107.305,78614.27,71172.64,84796.0
T000079,1987-04-30,87848.36,97752.52,84257.67,80271.22,72998.33,86168.0
T000079,1987-07-31,89111.97,98521.46,85539.95,82524.04,74997.805,87212.0
T000079,1987-10-31,89968.56,98648.305,86734.09,83611.8,76615.266,89308.0
T000080,1986-07-31,27155.275,30452.953,25971.951,24432.676,22303.549,26860.0
T000080,1986-10-31,27842.705,31270.75,26557.42,25024.783,22863.43,26994.0
T000080,1987-01-31,27969.73,31087.195,26932.66,25705.088,23358.777,27581.0
T000080,1987-04-30,28527.418,31664.445,27312.295,26201.275,23847.873,28438.0
T000080,1987-07-31,29377.69,32735.74,28045.7,26862.838,24511.045,28694.0
T000080,1987-10-31,29629.523,32672.43,28576.812,26991.19,24989.695,29031.0
T000081,1986-07-31,8345.352,9131.861,8070.267,8047.593,6972.8535,8641.0
T000081,1986-10-31,8906.788,9887.341,8370.005,8055.8467,7508.649,8320.0
T000081,1987-01-31,8567.396,9256.179,8490.669,8086.4624,7370.543,8717.0
T000081,1987-04-30,8983.12,9792.196,8535.269,8086.1533,7681.5845,8867.0
T000081,1987-07-31,9153.517,10071.038,8798.336,8321.884,7889.6807,8963.0
T000081,1987-10-31,9203.481,9901.393,8919.055,8642.076,7838.681,9524.0
T000082,1986-07-31,64578.18,77258.94,59952.105,55237.81,46086.19,64887.0
T000082,1986-10-31,68744.44,82682.25,63047.715,55732.99,48166.105,66974.0
T000082,1987-01-31,70986.875,85583.69,66018.65,58869.99,50341.1,70459.0
T000082,1987-04-30,74745.45,90050.61,68863.7,60879.78,52896.637,72736.0
T000082,1987-07-31,77254.23,93465.016,71693.68,64915.727,55163.887,73379.0
T000082,1987-10-31,77870.25,92277.73,73084.66,66983.4,55829.914,76025.0
T000083,1986-07-31,15744.225,19479.932,14313.347,12624.124,10299.778,15203.0
T000083,1986-10-31,16279.751,19871.656,14968.626,12754.391,10823.509,15780.0
T000083,1987-01-31,16849.91,20793.64,15515.872,13882.6045,11430.089,16049.0
T000083,1987-04-30,17125.023,20561.172,15925.862,14694.59,11944.871,16380.0
T000083,1987-07-31,17442.174,20890.547,16228.481,15203.376,12477.696,16399.0
T000083,1987-10-31,17390.637,20256.246,16390.303,15788.308,12512.312,16738.0
T000084,1979-07-31,196.87921,227.15948,184.96463,160.86342,153.4966,179.0
T000084,1979-10-31,186.62105,208.42458,184.84848,170.127,153.58487,178.0
T000084,1980-01-31,187.95616,210.99539,178.53168,177.9615,159.37376,195.0
T000084,1980-04-30,205.16437,234.9369,187.21806,178.92621,153.43083,205.0
T000084,1980-07-31,212.57071,242.83493,200.4224,178.84187,166.16594,201.0
T000084,1980-10-31,208.98781,235.02458,203.12672,190.34041,172.6572,198.0
T000085,1986-07-31,137.10536,140.6448,143.76033,141.98448,138.31482,134.0
T000085,1986-10-31,140.18448,140.82129,132.62671,134.0379,122.12775,152.0
T000085,1987-01-31,155.61548,170.40283,143.7603,143.34067,143.25266,158.0
T000085,1987-04-30,161.73103,171.05827,155.25343,144.21996,135.44345,137.0
T000085,1987-07-31,141.74066,141.10907,148.16528,136.961,149.10403,154.0
T000085,1987-10-31,160.82373,172.39145,146.21806,136.93326,136.1806,150.0
T000086,1981-07-31,196.50931,250.86928,169.06284,122.83438,132.56345,245.0
T000086,1981-10-31,265.61066,363.18103,217.99208,122.51621,134.19263,249.0
T000086,1982-01-31,276.86243,392.90002,247.16896,148.93216,136.41537,218.0
T000086,1982-04-30,249.45801,338.42438,234.48209,186.17638,113.5643,282.0
T000086,1982-07-31,317.76352,459.99127,252.70328,218.17755,138.33325,431.0
T000086,1982-10-31,482.59402,713.3248,362.79358,244.35567,157.27481,435.0
T000087,1986-07-31,39051.438,41524.38,38353.07,37309.934,35211.96,38652.0
T000087,1986-10-31,39415.434,41833.74,38476.22,37586.25,35953.848,39300.0
T000087,1987-01-31,40095.984,42788.47,39003.37,38268.406,36027.945,38800.0
T000087,1987-04-30,39459.746,41100.594,39065.84,38425.797,36542.21,39028.0
T000087,1987-07-31,39617.64,41340.72,38923.63,38651.793,36985.555,39732.0
T000087,1987-10-31,40314.69,42046.17,39409.734,38797.33,37297.113,40216.0
T000088,1972-07-31,103.94852,103.79383,108.10193,109.07851,108.01526,121.0
T000088,1972-10-31,127.08359,139.5448,110.47149,113.964325,96.17535,114.0
T000088,1973-01-31,117.03057,123.523155,117.72176,113.95508,109.87509,124.0
T000088,1973-04-30,127.29733,136.98875,119.422386,114.96738,104.27579,103.0
T000088,1973-07-31,109.29087,107.2826,114.16528,114.164276,113.085625,129.0
T000088,1973-10-31,135.42796,147.65411,117.098206,114.12086,103.024574,131.0
T000089,1987-07-31,18.15366,18.316761,17.20491,17.503176,17.68926,19.3
T000089,1987-10-31,19.782785,20.968132,18.613358,17.693184,17.28294,17.2
T000089,1988-01-31,17.543,17.285923,18.316528,17.20552,17.625341,17.0
T000089,1988-04-30,17.414003,16.99138,17.106337,16.994368,17.617514,18.1
T000089,1988-07-31,18.422235,19.164425,17.596462,17.200588,17.472864,18.2
T000089,1988-10-31,18.350979,18.59993,18.154224,17.799467,17.068449,16.8
T000090,1988-07-31,18.52451,20.698328,17.504911,16.0976,16.148699,17.3
T000090,1988-10-31,17.76522,19.141375,17.725346,16.29626,15.4669485,19.2
T000090,1989-01-31,19.8387,22.879307,18.330254,16.794222,16.341621,19.3
T000090,1989-04-30,20.135212,23.15271,19.254223,17.298145,15.792167,18.4
T000090,1989-07-31,19.189209,21.086205,18.878511,18.106607,16.141216,18.6
T000090,1989-10-31,19.38115,21.660843,18.508448,18.398874,16.271261,18.2
T000091,1980-07-31,8.458482,10.24088,6.647149,5.4384947,3.5095909,4.5
T000091,1980-10-31,5.3583446,5.471699,6.201377,5.4169703,7.355019,8.2
T000091,1981-01-31,9.238058,11.349901,6.5062833,5.425375,3.5131426,10.4
T000091,1981-04-30,11.466193,16.534575,9.392924,7.6948695,7.194947,6.6
T000091,1981-07-31,7.6482544,7.7856936,8.620385,6.597873,3.763504,5.3
T000091,1981-10-31,6.4544163,7.0368958,5.991184,6.611317,7.5308857,6.6
T000092,1980-07-31,38.86595,54.25319,34.14224,24.167538,17.937864,31.3
T000092,1980-10-31,35.986126,47.654945,33.054543,31.295706,19.393166,52.9
T000092,1981-01-31,58.839558,85.233536,43.012356,33.534607,22.255928,39.3
T000092,1981-04-30,44.566566,57.62314,46.53085,33.70716,22.171024,47.6
T000092,1981-07-31,53.70919,72.099236,43.80058,34.52603,25.906576,45.5
T000092,1981-10-31,52.19204,69.573364,46.616528,39.37985,26.540195,58.2
T000093,1980-07-31,257.11194,359.10562,185.0895,188.06152,141.44563,273.5
T000093,1980-10-31,299.1899,376.46103,252.07678,192.1236,109.66476,247.1
T000093,1981-01-31,269.66632,329.71936,261.13635,221.63638,220.58781,176.7
T000093,1981-04-30,206.37723,230.68073,214.1303,192.28435,131.5028,204.3
T000093,1981-07-31,225.00453,236.12036,191.66579,204.33086,194.68391,186.3
T000093,1981-10-31,197.13687,188.39175,195.87025,204.92189,175.85912,107.7
T000094,1980-07-31,40.967285,47.0166,39.1292,38.17413,30.393612,31.5
T000094,1980-10-31,34.767185,33.177826,34.849586,37.828167,30.386919,44.9
T000094,1981-01-31,47.089523,52.288345,38.766,38.264767,35.191704,45.8
T000094,1981-04-30,47.38848,51.998375,45.388012,40.42884,39.871807,37.0
T000094,1981-07-31,39.10539,35.354996,41.678787,37.781868,40.22607,40.5
T000094,1981-10-31,43.47736,46.514324,38.897835,37.799717,40.833977,55.0
T000095,1980-07-31,55.68719,59.88492,53.83168,51.185593,47.80405,51.9
T000095,1980-10-31,54.878754,56.749657,52.644352,51.8808,51.92293,68.9
T000095,1981-01-31,72.15039,86.66868,61.11806,53.22501,48.460968,65.2
T000095,1981-04-30,68.026924,78.13864,67.16722,54.245014,54.192257,58.9
T000095,1981-07-31,62.98339,69.15613,62.249584,54.228977,52.750885,64.5
T000095,1981-10-31,69.48923,82.99587,61.93654,58.969856,51.620636,80.0
T000096,1980-07-31,611.499,857.0022,512.18207,410.5756,233.91913,326.3
T000096,1980-10-31,386.96982,457.731,442.31265,411.29517,243.95258,416.6
T000096,1981-01-31,479.4909,576.98694,375.26416,410.6471,265.99384,440.8
T000096,1981-04-30,484.98944,554.93726,429.7222,416.68268,323.23755,456.1
T000096,1981-07-31,478.1267,483.02393,449.09625,440.55212,371.8332,391.4
T000096,1981-10-31,419.10056,405.64844,425.7997,416.941,459.85507,488.3
T000097,1980-07-31,1270.4229,1797.6636,1102.0503,763.69116,541.99084,995.1
T000097,1980-10-31,1132.6941,1521.6719,1071.5557,885.9212,572.01605,1051.0
T000097,1981-01-31,1194.8723,1601.2892,1025.4111,995.1421,602.61725,1132.7
T000097,1981-04-30,1259.5706,1619.719,1095.3009,1051.1877,638.1971,1238.3
T000097,1981-07-31,1349.8778,1690.2942,1189.9604,1058.5948,765.41656,1153.8
T000097,1981-10-31,1258.3416,1499.647,1198.727,1132.4675,823.46497,1411.4
T000098,1980-07-31,478.65536,665.3553,414.2222,293.82343,209.69427,348.2
T000098,1980-10-31,400.88147,533.5912,389.19257,349.1186,213.1557,386.1
T000098,1981-01-31,436.7005,545.8054,368.75085,385.93393,223.70499,425.1
T000098,1981-04-30,466.64688,589.50226,407.2473,401.2819,278.9192,443.1
T000098,1981-07-31,481.0779,558.0398,434.8603,401.45062,283.75244,386.6
T000098,1981-10-31,417.21338,455.5837,416.63995,387.4633,367.49307,534.6
T000099,1990-07-31,67.25744,65.89022,67.184845,66.60342,69.68223,62.8
T000099,1990-10-31,63.352467,60.12178,64.82038,66.606834,66.343025,58.9
T000099,1991-01-31,59.504566,52.32485,60.973553,66.61953,65.05481,59.4
T000099,1991-04-30,60.656113,52.65117,59.17112,62.998512,66.98376,59.9
T000099,1991-07-31,61.499603,52.291096,59.67112,59.866653,67.96005,61.0
T000099,1991-10-31,62.702904,54.497307,60.496464,59.887386,69.9359,63.0
T000100,1982-04-30,283.82126,278.5309,276.4113,308.9708,207.66942,424.0
T000100,1982-07-31,457.76678,593.5918,339.45148,337.67816,254.89288,532.7
T000100,1982-10-31,568.07306,710.0421,482.94135,343.05322,319.12903,392.6
T000100,1983-01-31,436.74197,506.6486,467.08844,392.47458,357.6736,454.2
T000100,1983-04-30,511.49133,659.5445,426.00192,392.97397,291.09735,1009.4
T000100,1983-07-31,1106.2496,1627.845,755.251,421.7553,437.54034,826.7
T000101,1995-07-31,150.39406,171.23824,142.21255,125.932625,122.784065,150.5
T000101,1995-10-31,156.63773,181.56268,148.25697,131.39249,123.75422,156.7
T000101,1996-01-31,164.13747,193.2402,153.8619,138.20248,124.77117,159.7
T000101,1996-04-30,167.97726,198.03207,158.3267,145.62744,126.5001,162.3
T000101,1996-07-31,171.08437,200.40137,161.10982,150.51294,128.68372,168.3
T000101,1996-10-31,177.46573,208.30911,165.55344,156.72748,133.00404,171.1
T000102,1986-07-31,16101.972,18043.879,15396.589,15099.41,13376.58,16516.0
T000102,1986-10-31,17249.201,19652.629,16036.267,15308.05,13531.466,17164.0
T000102,1987-01-31,17870.55,20277.55,16867.371,15460.592,13942.703,17264.0
T000102,1987-04-30,17926.736,20246.865,17218.225,15682.737,14624.032,17352.0
T000102,1987-07-31,18047.904,20209.652,17311.717,16527.729,15071.906,17316.0
T000102,1987-10-31,17978.197,19811.383,17335.14,17161.033,15189.237,17852.0
T000103,1980-07-31,189.94531,214.58267,187.91185,180.02951,165.93626,204.0
T000103,1980-10-31,215.38943,251.25272,193.4715,180.9332,157.07092,209.0
T000103,1981-01-31,219.11421,258.35266,206.7112,185.9272,167.35335,219.0
T000103,1981-04-30,230.03323,268.0344,214.4224,194.06865,166.72809,198.0
T000103,1981-07-31,209.75043,235.08347,209.16528,198.00192,178.0543,219.0
T000103,1981-10-31,231.86833,263.69788,209.38701,203.96637,168.71606,209.0
T000104,1986-07-31,523.78864,632.5712,498.91183,441.52667,386.6419,546.0
T000104,1986-10-31,584.35504,717.1627,521.2809,455.05417,378.80856,585.0
T000104,1987-01-31,624.8987,789.94867,567.14734,492.225,418.73428,649.0
T000104,1987-04-30,697.5366,878.41797,619.70325,504.7062,423.74963,582.0
T000104,1987-07-31,629.4668,768.8389,617.62256,546.28076,444.1777,647.0
T000104,1987-10-31,698.0116,858.4607,617.24554,582.17346,441.28857,590.0
T000105,1986-07-31,187.91962,213.54675,182.19008,178.093,158.24956,189.0
T000105,1986-10-31,199.21191,224.88371,184.4224,178.98878,150.98877,184.0
T000105,1987-01-31,190.85101,209.09705,186.6584,183.98354,159.67903,200.0
T000105,1987-04-30,206.61417,230.2241,192.67581,184.94156,164.78775,186.0
T000105,1987-07-31,192.91397,203.9257,193.44353,184.94537,174.63972,195.0
T000105,1987-10-31,202.02403,216.04568,190.88014,185.9536,169.37883,203.0
T000106,1982-07-31,171.84692,193.80363,154.9322,148.04634,128.645,111.8
T000106,1982-10-31,122.4023,105.37152,137.79916,141.33386,118.77696,96.0
T000106,1983-01-31,105.438545,63.518074,104.40055,128.20697,133.5811,184.8
T000106,1983-04-30,194.00156,212.99495,144.15079,127.89161,163.82309,115.9
T000106,1983-07-31,122.352684,78.96675,152.53278,115.900635,149.47333,198.8
T000106,1983-10-31,209.51501,249.78409,160.8516,115.67583,174.86685,154.7
T000107,1986-07-31,138.2945,157.80156,134.06335,122.02434,115.20137,138.0
T000107,1986-10-31,144.67177,166.41252,135.7112,131.01505,113.02723,142.0
T000107,1987-01-31,148.71536,170.92178,140.16896,132.9616,117.75399,144.0
T000107,1987-04-30,150.21635,170.44043,143.08447,134.98665,116.65584,127.0
T000107,1987-07-31,132.2199,136.14905,136.03856,135.02171,121.16513,117.0
T000107,1987-10-31,122.02756,113.36292,122.3168,133.08774,121.57141,125.0
T000108,1987-07-31,4610.917,5032.7783,4408.5703,4251.561,3364.3735,4778.0
T000108,1987-10-31,4987.98,5312.2485,4516.1606,4588.583,3804.5596,5098.0
T000108,1988-01-31,5254.9033,5841.0137,4951.5166,4601.7915,4730.239,5746.0
T000108,1988-04-30,6031.951,6866.7764,5449.3706,4587.869,4610.0234,5827.0
T000108,1988-07-31,6141.0566,7372.2163,5789.9214,4776.1924,4919.864,7248.0
T000108,1988-10-31,7691.221,9819.981,6597.521,5096.242,4677.7197,7046.0
T000109,1987-07-31,14145.156,15443.972,13377.829,13277.879,10887.752,3584.0
T000109,1987-10-31,4501.255,-3961.3086,8739.173,13269.418,10175.979,18965.0
T000109,1988-01-31,20455.785,23822.0,11924.174,13276.3125,15014.469,19528.0
T000109,1988-04-30,21255.871,23867.75,19270.281,13230.601,14653.353,21448.0
T000109,1988-07-31,23203.98,28407.168,20569.098,13567.087,15660.41,24757.0
T000109,1988-10-31,27658.287,39751.78,23242.268,18965.615,15261.245,24642.0
T000110,1987-04-30,134.95671,128.6596,116.26716,124.04237,108.20292,104.0
T000110,1987-07-31,112.151344,92.22236,117.823685,103.92635,149.4501,108.0
T000110,1987-10-31,115.7993,93.12246,106.16895,103.88757,112.50543,108.0
T000110,1988-01-31,114.06921,99.752594,108.02506,108.114,144.95047,128.0
T000110,1988-04-30,130.80487,121.50982,118.84477,107.87022,119.470024,80.0
T000110,1988-07-31,86.018845,49.883133,105.52065,108.08227,140.17522,92.0
T000111,1987-04-30,3582.071,4300.964,3143.4436,2880.8208,2260.9248,2990.0
T000111,1987-07-31,3178.2908,3682.3174,3189.3801,2880.371,2652.3198,3558.0
T000111,1987-10-31,3803.0767,4543.2695,3297.9917,2988.0706,2361.9807,3291.0
T000111,1988-01-31,3493.898,4075.4365,3432.9587,3125.767,2856.2336,3792.0
T000111,1988-04-30,4029.3848,4725.695,3562.6616,3293.5698,2674.445,3432.0
T000111,1988-07-31,3621.9553,4152.5444,3623.405,3364.3938,3114.3591,3581.0
T000112,1986-07-31,487.93542,564.21185,459.76028,424.19598,385.43497,476.0
T000112,1986-10-31,498.6294,577.60754,472.33792,447.29834,391.57068,475.0
T000112,1987-01-31,497.66116,564.08435,475.53168,450.1216,391.88123,480.0
T000112,1987-04-30,501.06564,564.53735,477.71118,468.05356,403.33588,451.0
T000112,1987-07-31,468.2493,491.16602,466.41873,468.05328,409.22946,415.0
T000112,1987-10-31,427.33563,408.35843,434.1405,468.09534,427.9138,431.0
T000113,1985-07-31,287.06656,307.0903,236.30507,215.53241,205.4031,262.4
T000113,1985-10-31,294.49796,288.3119,258.41748,215.77971,252.04984,239.7
T000113,1986-01-31,263.29224,249.0356,251.76913,215.86903,269.075,264.4
T000113,1986-04-30,275.25937,274.4584,253.09329,239.86526,262.57068,306.1
T000113,1986-07-31,317.3583,364.81366,287.01135,253.52606,285.81305,353.4
T000113,1986-10-31,377.18024,483.8163,331.7479,262.03827,231.22594,297.6
T000114,1987-01-31,11953.411,14192.132,10588.769,8474.9795,7343.6953,10265.0
T000114,1987-04-30,10773.484,12567.888,10764.248,9653.574,8835.561,10472.0
T000114,1987-07-31,11094.325,12771.693,10377.243,9863.404,8428.066,11017.0
T000114,1987-10-31,11678.475,13768.166,10767.5205,10262.509,9169.161,11576.0
T000114,1988-01-31,12188.472,14223.314,11320.111,10474.272,8454.169,10775.0
T000114,1988-04-30,11301.056,12568.764,11200.876,10778.656,9525.846,11628.0
T000115,1986-07-31,160.96262,179.49028,159.25345,147.95679,139.80347,159.0
T000115,1986-10-31,165.84857,182.27356,157.16896,149.99849,132.39555,142.0
T000115,1987-01-31,149.52948,157.03372,151.03856,150.18295,142.92612,162.0
T000115,1987-04-30,168.59067,179.88174,152.84477,155.03036,134.0727,159.0
T000115,1987-07-31,162.59578,173.87859,160.59505,159.00227,153.99536,164.0
T000115,1987-10-31,168.12059,175.2893,161.7112,159.00243,144.09117,153.0
T000116,1989-07-31,674.6723,726.5581,656.0992,634.44434,599.9905,668.3
T000116,1989-10-31,683.88086,736.79504,663.95123,646.0586,607.59375,675.8
T000116,1990-01-31,690.69275,741.45654,672.36676,652.8462,615.2689,681.1
T000116,1990-04-30,695.7702,744.2678,678.6738,658.81604,624.9688,686.6
T000116,1990-07-31,701.5805,748.0659,684.0823,668.35803,630.10144,663.2
T000116,1990-10-31,675.2328,695.0417,675.64136,668.3244,632.29767,649.7
T000117,1989-07-31,421.57364,450.88727,411.37958,398.85892,376.15054,424.3
T000117,1989-10-31,434.17612,470.59973,418.5322,407.2737,382.96558,427.3
T000117,1990-01-31,436.93478,468.8197,425.9267,410.94003,387.4079,428.1
T000117,1990-04-30,437.32373,467.00684,427.7338,411.63095,394.31955,431.3
T000117,1990-07-31,440.6892,469.8779,429.83517,424.31375,396.70853,429.6
T000117,1990-10-31,437.71957,458.16327,430.50388,427.28235,404.59717,432.4
T000118,1989-07-31,198.4954,215.05246,192.55913,184.31885,172.4651,194.2
T000118,1989-10-31,199.10779,214.64175,193.74223,188.97462,176.47955,196.7
T000118,1990-01-31,201.35338,215.7805,195.55559,191.8063,178.76941,196.9
T000118,1990-04-30,200.91232,213.1847,196.80844,193.19135,181.83682,197.0
T000118,1990-07-31,200.64789,210.71252,196.95422,194.2392,183.3898,192.5
T000118,1990-10-31,195.47987,199.83879,194.89256,194.22046,185.90308,186.3
T000119,1989-07-31,123.040985,137.59387,119.02506,113.049545,103.94413,120.0
T000119,1989-10-31,124.5106,138.01826,119.54224,115.046165,103.53398,117.0
T000119,1990-01-31,121.0626,130.85275,118.59504,117.01943,104.86786,120.0
T000119,1990-04-30,123.494,132.05197,118.62672,119.001625,106.50574,119.0
T000119,1990-07-31,121.49411,127.05132,119.53168,119.020195,110.87229,114.0
T000119,1990-10-31,115.874016,114.62107,116.6584,119.0106,111.79815,105.0
T000120,1994-07-31,272.71692,316.2576,257.65207,235.3239,209.54376,266.2
T000120,1994-10-31,280.39642,326.08453,263.04144,252.03148,219.69513,276.7
T000120,1995-01-31,290.44327,335.24387,271.89352,255.62386,219.21619,285.8
T000120,1995-04-30,298.22192,344.42358,281.63437,259.2424,232.35663,297.5
T000120,1995-07-31,311.6535,361.52502,292.1442,266.18716,240.0291,292.9
T000120,1995-10-31,307.09195,348.97696,295.34573,276.74393,245.31032,287.2
T000121,1978-07-31,17.587717,18.332367,17.096403,16.999973,15.814691,17.42
T000121,1978-10-31,17.75689,18.474182,17.328447,16.998629,16.370325,17.89
T000121,1979-01-31,18.157642,19.001684,17.67485,16.996418,16.598053,18.09
T000121,1979-04-30,18.292612,19.216059,17.998447,17.217926,17.174995,18.52
T000121,1979-07-31,18.80723,20.057032,18.323162,17.42243,17.152382,18.68
T000121,1979-10-31,19.04666,20.500874,18.606758,17.894913,17.191624,18.89
T000122,1978-07-31,825.67773,904.32916,793.3927,770.7619,703.673,815.9
T000122,1978-10-31,839.4927,915.2525,809.0336,774.28094,720.1097,834.9
T000122,1979-01-31,857.7551,938.59265,826.2026,784.4155,738.834,858.1
T000122,1979-04-30,881.90717,970.1909,847.4799,800.8027,757.03296,875.8
T000122,1979-07-31,901.31134,995.60364,867.6976,815.8031,771.1079,891.4
T000122,1979-10-31,918.396,1017.8353,884.2589,834.9238,778.4803,907.6
T000123,1978-07-31,146.63766,165.89755,140.47112,131.66284,118.266,142.2
T000123,1978-10-31,148.00592,166.62396,141.51335,137.71895,121.452095,146.4
T000123,1979-01-31,152.10931,170.15857,144.47739,140.19206,124.302505,148.5
T000123,1979-04-30,153.8261,170.82224,147.5387,140.6704,126.90445,148.3
T000123,1979-07-31,153.23958,167.16852,148.40633,142.18239,129.80447,150.0
T000123,1979-10-31,154.48257,167.30739,149.2218,146.41107,135.00146,149.5
T000124,1978-07-31,47.173153,44.23022,46.062675,46.17692,48.21287,48.9
T000124,1978-10-31,49.731747,47.965763,47.664047,46.17539,49.269543,46.9
T000124,1979-01-31,47.64681,44.23996,47.963364,46.196545,50.669094,48.3
T000124,1979-04-30,49.046246,47.28949,47.659134,46.18891,50.874966,48.0
T000124,1979-07-31,48.50716,47.898514,48.159504,46.91039,49.70154,49.6
T000124,1979-10-31,49.873432,50.499702,48.86758,48.005066,48.73163,49.5
T000125,1978-07-31,17.015913,18.806602,16.460524,16.048172,14.650882,18.12
T000125,1978-10-31,18.809868,20.378262,17.241098,16.188906,13.904611,15.1
T000125,1979-01-31,15.870598,15.831854,16.705675,16.238628,16.715197,16.85
T000125,1979-04-30,17.732346,18.014357,16.048918,16.199898,14.538836,16.79
T000125,1979-07-31,17.286367,17.955688,16.821901,16.690107,17.26592,19.03
T000125,1979-10-31,19.423439,20.658968,18.004614,16.783121,15.72046,16.04
T000126,1986-07-31,128.44801,146.51907,119.96462,108.95277,106.479164,119.0
T000126,1986-10-31,122.59064,133.17245,122.19008,111.96449,102.36702,115.0
T000126,1987-01-31,119.75138,130.79584,117.126724,113.965004,107.80641,122.0
T000126,1987-04-30,127.76114,142.04974,118.79567,114.99823,101.10983,123.0
T000126,1987-07-31,126.64364,136.4198,122.54224,119.06366,109.0555,116.0
T000126,1987-10-31,118.37598,121.83223,119.72176,119.07492,109.99641,104.0
T000127,1988-07-31,1086.3542,1163.1543,1056.8447,1013.91406,976.98773,1090.0
T000127,1988-10-31,1113.279,1203.4266,1079.0137,1028.8861,991.0811,1116.0
T000127,1989-01-31,1142.5762,1246.1064,1104.0983,1045.8683,998.7452,1146.0
T000127,1989-04-30,1176.4691,1296.4436,1132.2672,1065.8726,1015.1855,1180.0
T000127,1989-07-31,1215.8352,1355.0922,1164.4362,1089.8342,1027.2299,1216.0
T000127,1989-10-31,1257.28,1415.08,1199.5206,1115.8289,1042.0159,1246.0
T000128,1988-07-31,6491.669,7332.186,6197.3223,5821.163,5304.4604,6421.0
T000128,1988-10-31,6675.3735,7557.2783,6345.0117,6030.469,5448.651,6495.0
T000128,1989-01-31,6748.7227,7572.72,6461.1255,6128.2144,5497.2104,6610.0
T000128,1989-04-30,6853.187,7663.337,6557.3574,6255.818,5666.98,6749.0
T000128,1989-07-31,6992.43,7784.02,6685.371,6422.0576,5799.8096,6817.0
T000128,1989-10-31,7050.897,7772.281,6785.872,6494.438,5911.482,6793.0
T000129,1988-07-31,232.59183,282.12305,216.35344,189.37018,165.56686,231.8
T000129,1988-10-31,247.21259,303.274,225.98645,203.2699,169.92311,213.0
T000129,1989-01-31,227.12987,262.1923,222.99559,213.02757,170.22104,206.5
T000129,1989-04-30,218.29138,241.41217,209.95592,212.98254,172.66788,200.0
T000129,1989-07-31,209.87592,218.12265,203.45592,213.17574,181.0636,201.7
T000129,1989-10-31,208.97064,203.89284,200.92181,206.56435,193.98251,172.1
T000130,1988-07-31,122.72031,138.65868,117.42672,108.093864,102.29709,124.3
T000130,1988-10-31,128.9767,146.59053,121.78232,111.68669,103.20699,128.5
T000130,1989-01-31,133.86734,154.47334,126.5774,115.781265,107.98862,134.5
T000130,1989-04-30,140.6635,164.31812,131.75343,118.792244,106.27869,140.6
T000130,1989-07-31,147.3923,174.1131,137.80766,124.28776,112.510544,147.2
T000130,1989-10-31,155.37842,185.43912,144.17877,128.47313,113.03024,152.9
T000131,1988-07-31,12927.068,13656.651,12658.237,12345.447,11851.262,12840.0
T000131,1988-10-31,13054.209,13791.098,12782.78,12467.444,11967.365,12966.0
T000131,1989-01-31,13182.256,13925.667,12908.322,12590.436,12085.563,13094.0
T000131,1989-04-30,13312.332,14063.251,13035.406,12714.427,12204.865,13223.0
T000131,1989-07-31,13443.418,14201.496,13163.949,12839.414,12324.669,13353.0
T000131,1989-10-31,13575.48,14340.705,13293.491,12965.424,12446.564,13485.0
T000132,1978-07-31,35642.043,38409.438,34626.727,32936.418,31338.742,34500.0
T000132,1978-10-31,35237.355,37508.008,34663.758,34079.89,32012.117,35864.0
T000132,1979-01-31,36657.05,39455.86,35239.613,34409.188,32688.516,35852.0
T000132,1979-04-30,36617.426,39184.883,35858.38,34494.062,32834.668,36888.0
T000132,1979-07-31,37687.17,40566.84,36413.758,34801.2,33474.887,37444.0
T000132,1979-10-31,38338.406,41628.42,37189.484,35874.543,34270.176,37036.0
T000133,1978-07-31,22483.303,23185.406,22128.7,21604.715,21405.625,22464.0
T000133,1978-10-31,22684.223,23459.836,22383.434,21601.459,21668.08,23032.0
T000133,1979-01-31,23321.777,24561.896,22771.992,21939.217,21763.88,22172.0
T000133,1979-04-30,22424.812,22941.885,22629.244,22172.354,21546.688,22460.0
T000133,1979-07-31,22712.229,23426.23,22328.164,22286.592,21711.37,22616.0
T000133,1979-10-31,22896.428,23647.924,22544.59,22461.75,21643.535,22320.0
T000134,1991-07-31,2380.3438,3865.5117,1902.1864,746.9701,447.43512,1387.0
T000134,1991-10-31,1765.119,2784.7087,1722.4902,1390.9579,458.20724,1194.0
T000134,1992-01-31,1580.5491,2344.3564,1296.6143,1385.4391,256.28708,2431.0
T000134,1992-04-30,2856.7976,4422.5645,1864.7493,1535.6848,531.8038,3315.0
T000134,1992-07-31,3827.4873,5574.252,2910.339,1763.0905,967.1492,1260.0
T000134,1992-10-31,1692.7338,1807.5323,2352.603,1376.8596,1053.5619,214.0
T000135,1978-07-31,354.35953,392.79236,349.7603,337.34497,288.99316,375.0
T000135,1978-10-31,391.73666,446.30316,357.60507,357.90027,311.6941,385.0
T000135,1979-01-31,401.0336,458.65475,380.4224,360.86185,312.8067,404.0
T000135,1979-04-30,421.8305,479.31528,395.30252,363.03156,327.55286,402.0
T000135,1979-07-31,423.5481,486.58926,403.06335,375.07236,341.19672,455.0
T000135,1979-10-31,479.00998,565.8066,430.73865,384.8398,341.9475,441.0
T000136,1978-07-31,131.11508,134.8872,130.15207,131.84045,123.0997,134.0
T000136,1978-10-31,137.28706,141.0837,131.07033,131.79448,123.27189,135.4
T000136,1979-01-31,137.24666,141.47905,134.75912,132.41371,130.92195,138.4
T000136,1979-04-30,139.93272,143.21167,137.0267,132.39456,131.55989,132.5
T000136,1979-07-31,134.26859,135.04544,135.63692,132.495,135.64812,139.2
T000136,1979-10-31,140.95927,146.0623,136.13301,133.98647,130.97508,140.7
T000137,1988-07-31,112.43863,128.81952,107.83336,103.08443,88.69459,107.09
T000137,1988-10-31,112.554794,126.757576,106.94351,106.76443,90.62576,103.97
T000137,1989-01-31,108.14461,115.148445,105.62884,106.79134,90.766014,104.21
T000137,1989-04-30,107.2207,111.36966,104.100136,106.87225,96.31187,97.88
T000137,1989-07-31,100.57771,95.50614,101.24554,104.32838,99.56783,87.45
T000137,1989-10-31,90.37361,72.60695,92.99542,104.03654,102.78065,79.86
T000138,1988-07-31,34.212795,41.129692,32.111824,28.537672,24.781841,35.34
T000138,1988-10-31,37.67691,46.403084,33.92094,30.003298,25.236074,35.06
T000138,1989-01-31,37.343887,44.944237,35.20887,31.973742,26.718433,33.25
T000138,1989-04-30,35.345356,40.52761,34.21234,32.230343,26.582687,34.07
T000138,1989-07-31,35.962784,41.112083,33.694637,33.255367,27.700224,27.75
T000138,1989-10-31,29.183645,26.929848,31.11022,33.261757,27.779194,24.65
T000139,1993-07-31,60.722836,62.420574,60.26722,61.69909,53.41126,54.0
T000139,1993-10-31,55.7862,51.083717,56.28623,61.760124,56.94725,49.9
T000139,1994-01-31,51.65882,40.309116,52.07989,58.534435,58.490063,47.0
T000139,1994-04-30,49.209824,31.90197,48.541874,54.165783,62.026,43.9
T000139,1994-07-31,46.75448,25.013985,45.54821,50.01526,64.902824,39.3
T000139,1994-10-31,42.561733,16.520218,41.745728,47.081947,66.892265,35.4
T000140,1989-07-31,96.02531,78.75746,105.67217,121.955734,118.885605,116.0
T000140,1989-10-31,124.918274,122.137245,102.26716,115.96708,95.34607,125.0
T000140,1990-01-31,129.0873,134.2001,120.88015,121.889885,123.19184,124.0
T000140,1990-04-30,126.064224,122.85109,124.53168,121.89865,108.78156,84.0
T000140,1990-07-31,93.965294,69.2968,105.26721,116.092285,125.06322,109.0
T000140,1990-10-31,117.579895,109.98521,97.55597,109.259285,97.118454,112.0
T000141,1989-07-31,109.9408,111.61796,114.633606,113.152695,111.759445,121.0
T000141,1989-10-31,127.31671,138.39258,113.218056,116.97091,99.10347,129.0
T000141,1990-01-31,132.69757,148.6543,125.337906,120.97978,114.85402,133.0
T000141,1990-04-30,136.98125,150.10345,131.16896,120.945755,109.93425,109.0
T000141,1990-07-31,115.42937,115.16889,121.76033,121.15225,118.19333,119.0
T000141,1990-10-31,125.47616,128.4385,114.422386,119.14812,104.66842,115.0
T000142,1989-07-31,105.20754,109.62127,104.02506,102.002266,99.671005,106.0
T000142,1989-10-31,107.77757,112.6602,105.08448,104.00796,99.400826,103.0
T000142,1990-01-31,104.67435,107.87117,104.59504,104.01691,99.37949,105.0
T000142,1990-04-30,106.23836,108.70886,104.08448,104.00828,99.96649,102.0
T000142,1990-07-31,102.809746,102.616615,103.59504,104.04094,102.9049,102.0
T000142,1990-10-31,102.56089,100.911934,102.02506,103.00911,101.51411,100.0
T000143,1989-07-31,123.26614,137.95189,120.06336,114.11325,104.568794,121.0
T000143,1989-10-31,125.725,139.58678,120.08448,116.007645,103.90405,118.0
T000143,1990-01-31,122.173225,132.42587,119.59504,118.0229,105.79318,122.0
T000143,1990-04-30,125.69473,134.927,120.16895,119.01787,107.03292,119.0
T000143,1990-07-31,121.603714,126.78905,120.59504,119.01659,112.41779,115.0
T000143,1990-10-31,117.140045,115.76784,117.126724,118.99929,112.48779,104.0
T000144,1989-07-31,120.320465,136.62231,118.25344,110.97288,101.972534,118.0
T000144,1989-10-31,126.768585,145.23447,116.16895,113.997025,90.69202,122.0
T000144,1990-01-31,128.66193,145.88342,120.16895,118.068405,98.74662,124.0
T000144,1990-04-30,128.04094,139.66469,123.08448,119.05636,103.46368,110.0
T000144,1990-07-31,113.90042,113.05645,117.44353,118.12026,112.65453,109.0
T000144,1990-10-31,113.246376,108.75212,109.53168,114.02502,109.26876,101.0
T000145,1988-07-31,316.09906,334.39386,309.31827,306.4652,291.11105,308.0
T000145,1988-10-31,313.26437,325.83044,309.38235,307.7956,290.1673,305.1
T000145,1989-01-31,309.4022,315.98618,306.64188,307.80508,293.1827,304.0
T000145,1989-04-30,307.33228,310.207,304.58484,307.95715,296.67847,304.9
T000145,1989-07-31,306.965,305.0266,304.48804,305.09204,303.52588,299.8
T000145,1989-10-31,301.46613,293.82224,302.51154,304.9117,307.1118,300.6
T000146,1978-07-31,131.2165,135.07158,130.19888,131.84085,123.1614,134.0
T000146,1978-10-31,137.29845,141.03265,131.1161,131.79437,123.24216,135.4
T000146,1979-01-31,137.25034,141.46936,134.75912,132.41412,131.01358,138.4
T000146,1979-04-30,139.92009,143.17986,137.0267,132.39488,131.5405,132.5
T000146,1979-07-31,134.25163,134.95538,135.63692,132.49498,135.76237,139.2
T000146,1979-10-31,140.95113,146.05957,136.13301,133.98636,130.99698,140.7
T000147,1978-07-31,125.83047,132.8649,122.988014,121.505066,113.62314,127.0
T000147,1978-10-31,129.33023,136.66197,125.35206,122.48978,116.18832,125.7
T000147,1979-01-31,127.79222,133.736,126.39118,122.78324,118.88976,130.1
T000147,1979-04-30,132.38014,140.34436,128.08585,123.39944,119.70161,131.5
T000147,1979-07-31,133.65186,142.33986,130.85913,125.70121,122.725426,134.0
T000147,1979-10-31,136.45241,145.7725,132.85559,127.01327,122.53048,133.1
T000148,1978-07-31,128.87544,136.1035,125.919,125.59959,115.68624,129.3
T000148,1978-10-31,132.0719,138.51216,127.60628,125.67815,117.39109,129.9
T000148,1979-01-31,131.7802,137.75961,129.62535,126.18328,122.96873,131.5
T000148,1979-04-30,133.38751,138.59203,130.76758,126.175934,124.09268,131.9
T000148,1979-07-31,133.67827,139.68417,131.71689,129.34528,127.31604,135.5
T000148,1979-10-31,137.40256,144.76605,133.85205,129.88788,125.654175,135.5
T000149,1978-07-31,148.83473,163.68164,143.57603,142.3176,121.80483,145.4
T000149,1978-10-31,151.01999,162.92255,143.98094,144.69319,125.395515,146.6
T000149,1979-01-31,150.38805,158.92676,146.05069,145.09154,132.66913,146.9
T000149,1979-04-30,149.51326,154.7698,146.76266,145.40407,137.22346,145.6
T000149,1979-07-31,147.4634,150.78003,146.29118,145.40218,141.03383,149.0
T000149,1979-10-31,150.42325,154.56792,147.44362,145.59258,142.4161,149.6
T000150,1978-07-31,119.83052,123.584,117.86267,117.296455,113.27248,122.0
T000150,1978-10-31,123.561295,127.60999,120.16895,117.672966,113.88124,122.2
T000150,1979-01-31,123.36652,128.03468,122.108444,117.99292,118.28621,124.4
T000150,1979-04-30,126.029655,131.22163,123.39293,117.9764,117.42267,125.5
T000150,1979-07-31,127.34566,134.3937,124.99646,122.03552,119.86434,129.2
T000150,1979-10-31,131.35297,140.06305,127.50628,122.18758,117.84743,129.0
T000151,1978-07-31,128.58304,133.6109,126.84435,127.015976,118.75928,130.2
T000151,1978-10-31,132.80386,137.85353,128.32317,126.98178,120.572556,131.2
T000151,1979-01-31,133.1564,138.40637,130.74223,127.5129,124.7695,135.7
T000151,1979-04-30,137.47882,144.08855,133.64008,127.474655,126.45228,133.1
T000151,1979-07-31,134.76698,140.10072,134.48236,130.24312,129.46701,136.3
T000151,1979-10-31,138.311,145.59721,134.83517,131.1886,127.10166,138.0
T000152,1978-07-31,2.1233506,1.9117235,2.1159503,2.231814,2.2708428,2.38
T000152,1978-10-31,2.4524586,2.4712186,2.2518268,2.2304864,2.3950438,2.55
T000152,1979-01-31,2.6399798,2.835721,2.4721806,2.2307098,2.2605355,2.58
T000152,1979-04-30,2.639124,2.840024,2.5662673,2.230312,2.3865278,1.97
T000152,1979-07-31,2.0512578,1.8150322,2.294325,2.1295826,2.32183,2.0
T000152,1979-10-31,2.0755837,1.8792254,1.9862672,2.098622,2.1948488,2.43
T000153,1978-07-31,5.007119,5.187356,4.932534,4.431001,4.8615603,4.44
T000153,1978-10-31,4.661306,4.697119,4.679256,4.4195633,4.549226,4.28
T000153,1979-01-31,4.628483,4.829196,4.365069,4.291959,4.414019,5.55
T000153,1979-04-30,5.8070154,6.752266,4.968643,4.4390717,4.144429,5.82
T000153,1979-07-31,6.0459995,7.1818023,5.696405,4.89807,4.8107905,5.19
T000153,1979-10-31,5.555741,6.306182,5.5249586,4.895526,4.407838,4.86
T000154,1989-07-31,111.86211,118.084335,113.380165,113.0894,107.533424,122.0
T000154,1989-10-31,127.27913,138.36551,115.13358,115.98396,101.46401,125.0
T000154,1990-01-31,128.53897,142.81279,123.62672,117.98031,113.374,128.0
T000154,1990-04-30,131.78473,143.05655,126.62672,118.97715,107.579506,110.0
T000154,1990-07-31,115.14851,115.85776,119.570244,119.10532,117.14354,121.0
T000154,1990-10-31,125.84894,131.12486,115.96462,120.99451,104.91136,115.0
T000155,1989-07-31,119.525024,128.32303,119.52562,114.920906,111.23034,131.0
T000155,1989-10-31,136.07158,148.28836,123.63004,114.877975,104.74064,122.6
T000155,1990-01-31,126.69279,137.94464,127.06612,122.945526,119.784004,131.9
T000155,1990-04-30,137.22318,147.18927,127.64282,122.7426,110.75105,120.5
T000155,1990-07-31,125.334175,131.39096,126.56115,122.61474,123.71242,130.7
T000155,1990-10-31,134.6966,141.19669,126.03083,122.70355,110.4736,115.7
T000156,1986-07-31,128.44801,146.51907,119.96462,108.95277,106.479164,119.0
T000156,1986-10-31,122.59064,133.17245,122.19008,111.96449,102.36702,115.0
T000156,1987-01-31,119.75138,130.79584,117.126724,113.965004,107.80641,122.0
T000156,1987-04-30,127.76114,142.04974,118.79567,114.99823,101.10983,123.0
T000156,1987-07-31,126.64364,136.4198,122.54224,119.06366,109.0555,116.0
T000156,1987-10-31,118.37598,121.83223,119.72176,119.07492,109.99641,104.0
T000157,1988-07-31,707.4749,868.0543,667.292,604.6891,475.7088,685.0
T000157,1988-10-31,737.40186,899.9407,670.8094,654.0608,498.8819,758.0
T000157,1989-01-31,809.86,994.4927,724.58344,664.64844,531.0128,733.0
T000157,1989-04-30,780.8309,917.38696,746.292,678.68036,544.94275,810.0
T000157,1989-07-31,862.82275,1046.1177,774.7524,684.7799,600.24805,706.0
T000157,1989-10-31,752.0615,824.795,761.29474,705.9848,590.92175,540.0
T000158,1988-07-31,111.790184,127.50632,108.37989,103.71008,88.20578,108.6
T000158,1988-10-31,113.901,127.98682,107.501366,106.20628,91.51612,113.4
T000158,1989-01-31,118.06917,132.35738,111.20274,108.59645,94.492966,108.2
T000158,1989-04-30,111.70235,118.311714,110.96474,108.576324,95.6885,112.1
T000158,1989-07-31,115.29581,123.522964,110.31473,108.61048,101.69229,100.6
T000158,1989-10-31,103.480736,99.15091,106.714325,108.23235,101.24934,84.8
T000159,1988-07-31,1354.1028,1536.9119,1288.7792,1208.8472,1093.342,1326.1
T000159,1988-10-31,1379.892,1560.6155,1315.1136,1253.9133,1126.3639,1360.0
T000159,1989-01-31,1413.9393,1596.167,1344.4819,1272.8513,1139.7463,1386.4
T000159,1989-04-30,1439.0791,1619.4248,1374.3151,1302.0211,1173.4535,1424.2
T000159,1989-07-31,1478.7751,1661.6184,1406.8966,1326.019,1205.1324,1439.4
T000159,1989-10-31,1493.1802,1667.4214,1432.442,1360.018,1230.9681,1468.4
T000160,1988-07-31,127.2417,144.45331,122.15702,117.67383,102.2659,118.1
T000160,1988-10-31,123.41961,134.81627,119.74821,118.10065,102.45344,114.9
T000160,1989-01-31,118.605385,122.55274,116.60138,118.16279,106.47389,115.0
T000160,1989-04-30,117.802246,118.49832,114.95422,118.23011,110.940445,116.1
T000160,1989-07-31,118.62301,115.52042,115.596466,116.08982,115.58229,103.1
T000160,1989-10-31,105.947296,89.34186,110.01184,115.02525,117.9803,106.0
T000161,1988-07-31,216.09576,253.10645,203.68448,189.8504,162.12473,202.5
T000161,1988-10-31,213.35815,243.3849,203.61653,198.79433,168.3547,203.8
T000161,1989-01-31,213.10983,238.15198,203.20491,202.47792,170.12227,205.8
T000161,1989-04-30,213.29044,233.13525,204.88448,202.59135,175.53879,206.0
T000161,1989-07-31,212.68382,226.79478,205.90845,203.8097,181.9345,201.7
T000161,1989-10-31,206.8537,213.53848,203.98624,203.8258,187.65662,194.6
T000162,1978-07-31,114.59913,105.54246,121.95041,129.98087,127.08379,139.0
T000162,1978-10-31,146.84914,156.81113,123.893875,131.94954,108.77156,133.0
T000162,1979-01-31,136.52751,142.87729,136.19008,132.92017,129.6547,144.0
T000162,1979-04-30,147.45676,155.66017,138.96463,132.95279,120.42226,114.0
T000162,1979-07-31,122.73758,116.983696,129.95041,133.05943,133.39854,151.0
T000162,1979-10-31,159.84398,175.72787,134.06284,133.0861,113.04288,147.0
T000163,1978-07-31,115.78409,102.55382,124.140495,137.94775,131.06366,145.0
T000163,1978-10-31,154.48116,163.03279,126.689545,137.93234,110.1717,131.0
T000163,1979-01-31,134.80527,133.18161,138.44353,137.96582,134.92853,149.0
T000163,1979-04-30,152.4469,156.84917,140.7603,138.03859,127.88804,114.0
T000163,1979-07-31,124.17674,112.99249,132.60881,131.46295,142.88359,158.0
T000163,1979-10-31,167.76971,183.24474,137.8585,131.17973,116.228775,150.0
T000164,1986-07-31,158.67845,156.22098,152.6336,164.67317,127.05534,99.0
T000164,1986-10-31,111.1207,48.303,121.86225,162.52824,138.39005,80.0
T000164,1987-01-31,93.828156,-3.0647736,90.10193,142.8345,169.31293,60.0
T000164,1987-04-30,77.030106,-60.215347,70.633606,100.930756,177.3606,58.0
T000164,1987-07-31,76.760605,-64.54146,59.063362,80.10692,203.41608,62.0
T000164,1987-10-31,79.703064,-51.14084,60.168953,61.785152,205.68512,70.0
T000165,1985-04-30,194.59944,225.01405,182.53168,181.96599,143.93233,179.0
T000165,1985-07-31,188.36789,206.38663,180.59505,181.957,152.84903,164.0
T000165,1985-10-31,169.28568,167.66783,171.9752,182.00342,160.15923,160.0
T000165,1986-01-31,164.43428,151.53241,162.12672,179.10153,170.70883,171.0
T000165,1986-04-30,176.13382,164.6193,165.96463,171.32762,179.76373,184.0
T000165,1986-07-31,188.11891,182.8522,178.0491,171.1709,183.38368,183.0
T000166,1987-07-31,65.97539,72.37083,64.25344,64.15111,46.183556,53.0
T000166,1987-10-31,56.84203,51.50314,56.721764,64.12518,53.173794,52.0
T000166,1988-01-31,55.33696,44.191025,52.53168,60.4334,62.006886,42.0
T000166,1988-04-30,45.55038,18.185062,47.316803,53.305656,66.04306,42.0
T000166,1988-07-31,45.931168,17.738571,42.025063,52.390965,71.67819,43.0
T000166,1988-10-31,46.91346,17.585781,42.54224,42.944992,74.31148,41.0
T000167,1987-07-31,287.7763,348.74655,261.55597,230.8732,204.82446,323.0
T000167,1987-10-31,343.44116,438.91605,300.11194,238.68065,218.3768,367.0
T000167,1988-01-31,396.28113,522.7825,346.8585,247.54303,227.9576,414.0
T000167,1988-04-30,453.54895,618.4297,392.48523,272.6647,237.83688,462.0
T000167,1988-07-31,511.3709,711.33344,440.02747,322.95218,240.86165,475.0
T000167,1988-10-31,530.33,730.58704,469.0491,366.95407,253.41913,484.0
T000168,1990-07-31,5.9432034,6.060318,5.905422,5.8299007,5.7727222,5.94
T000168,1990-10-31,5.9743476,6.1101108,5.926267,5.8603215,5.7891498,5.97
T000168,1991-01-31,6.0088058,6.156114,5.956267,5.9004016,5.8097577,5.98
T000168,1991-04-30,6.0232153,6.165748,5.9754224,5.909969,5.8134575,5.97
T000168,1991-07-31,6.0121694,6.1359396,5.9753165,5.9404473,5.823902,5.96
T000168,1991-10-31,5.9972377,6.0849295,5.965317,5.9599776,5.843594,5.9
T000169,1970-01-31,100.07635,99.32457,100.42535,100.00731,100.52381,98.0
T000169,1970-04-30,98.4036,96.172455,99.06336,99.807236,100.75064,97.6
T000169,1970-07-31,98.2428,95.32655,97.812675,99.41336,100.15391,99.8
T000169,1970-10-31,100.2524,98.695366,98.79292,99.79778,100.87411,99.8
T000169,1971-01-31,100.01655,98.336365,99.825066,99.793304,101.160515,99.0
T000169,1971-04-30,99.34144,97.82164,99.42535,99.01999,101.2975,99.4
T000170,1970-01-31,122.32536,133.96912,118.471115,112.889366,103.65763,118.1
T000170,1970-04-30,121.53064,131.43178,118.419,114.93459,106.74203,119.2
T000170,1970-07-31,122.5082,131.18515,118.69646,118.09181,108.84301,124.0
T000170,1970-10-31,126.99776,137.30853,121.80274,118.1775,110.88889,125.5
T000170,1971-01-31,128.13231,137.7956,124.813354,118.6648,113.11121,126.2
T000170,1971-04-30,129.023,138.51924,125.87956,119.16739,115.84113,128.9
T000171,1970-01-31,111.07526,116.94815,108.74223,107.30294,102.14614,109.8
T000171,1970-04-30,111.57697,116.826126,109.525345,107.59409,102.60355,110.4
T000171,1970-07-31,111.96941,116.7261,110.12535,108.20247,104.4429,111.5
T000171,1970-10-31,112.994286,117.761185,110.99646,109.20447,105.60596,111.7
T000171,1971-01-31,113.00967,117.12561,111.608444,109.79492,106.70811,112.7
T000171,1971-04-30,113.92014,118.259834,112.24223,110.40931,107.62167,113.5
T000172,1970-01-31,122.45094,134.7713,118.059135,112.9945,103.942116,120.5
T000172,1970-04-30,124.153046,136.10007,119.676025,115.10079,106.09531,122.1
T000172,1970-07-31,125.6157,137.02069,121.367584,117.304825,108.53267,124.2
T000172,1970-10-31,127.61534,138.92172,123.23869,118.69129,110.27784,128.8
T000172,1971-01-31,132.3167,145.62561,126.6943,120.479324,113.32252,127.5
T000172,1971-04-30,130.94794,141.67769,128.19118,122.0877,114.44665,129.7
T000173,1988-01-31,393.31128,424.6187,373.4224,378.07202,325.47592,408.0
T000173,1988-04-30,421.26117,463.75702,394.26715,381.88074,350.601,414.0
T000173,1988-07-31,425.77087,461.09686,411.25342,381.85175,363.62598,424.0
T000173,1988-10-31,435.9647,481.0354,419.4224,381.97757,380.03885,435.0
T000173,1989-01-31,448.69296,499.5069,429.96463,408.11917,380.66858,482.0
T000173,1989-04-30,499.93494,582.4915,460.48523,413.77426,394.49234,596.0
T000174,1987-10-31,141.78546,145.1802,139.08447,128.95958,138.4037,149.0
T000174,1988-01-31,151.85942,165.4743,144.88014,129.9641,138.59677,175.0
T000174,1988-04-30,182.09732,220.65598,163.0982,137.92831,135.60266,214.0
T000174,1988-07-31,227.78836,295.4736,196.14731,139.71432,139.29874,266.0
T000174,1988-10-31,289.453,401.2668,242.19641,148.52148,147.33397,231.0
T000174,1989-01-31,258.36194,345.7306,249.60881,175.05194,132.81932,366.0
T000175,1973-07-31,20.163008,10.518962,18.542238,18.005585,31.084465,23.0
T000175,1973-10-31,23.888845,22.228863,21.168955,17.994812,27.905474,32.0
T000175,1974-01-31,33.64402,42.511536,27.880148,17.944223,23.983692,38.0
T000175,1974-04-30,41.264267,56.912544,35.253433,18.915846,22.43122,38.0
T000175,1974-07-31,42.54798,60.35631,38.025063,22.964989,19.075455,38.0
T000175,1974-10-31,43.37702,61.835693,38.025063,32.069798,18.150282,37.0
T000176,1988-07-31,163.12186,163.1102,153.91185,160.49457,127.309456,100.0
T000176,1988-10-31,111.01732,47.300537,124.988976,159.3903,140.72195,77.0
T000176,1989-01-31,90.86775,-8.123795,89.228645,147.31502,170.57364,59.0
T000176,1989-04-30,77.00726,-60.388596,68.570244,102.26743,177.98686,61.0
T000176,1989-07-31,79.679054,-60.065903,60.084476,76.93368,201.00171,62.0
T000176,1989-10-31,78.74808,-52.714905,61.54224,61.76988,206.94269,66.0
T000177,1988-01-31,177.69226,171.36285,178.78513,171.06082,185.39645,194.0
T000177,1988-04-30,197.95416,213.65765,184.84477,174.02933,180.77512,279.0
T000177,1988-07-31,292.40826,373.19107,240.09029,182.6261,188.8672,336.0
T000177,1988-10-31,362.4696,489.89587,309.9076,183.27885,196.56789,364.0
T000177,1989-01-31,403.46808,567.0006,351.18268,193.21072,190.77597,395.0
T000177,1989-04-30,446.14368,643.5504,380.8094,280.52457,183.86316,454.0
T000178,1978-07-31,19.805866,20.653868,19.400492,19.359985,18.197702,19.61
T000178,1978-10-31,19.8653,20.472532,19.541336,19.461578,18.518229,19.46
T000178,1979-01-31,19.680569,20.029001,19.539751,19.463276,18.919447,19.69
T000178,1979-04-30,19.893547,20.259901,19.584715,19.460976,19.063665,19.9
T000178,1979-07-31,20.024363,20.440033,19.80387,19.459318,19.413908,20.02
T000178,1979-10-31,20.113445,20.53381,19.965067,19.610228,19.508417,19.89
T000179,1978-07-31,3.068922,2.846161,2.9796462,2.9217155,3.3670874,2.86
T000179,1978-10-31,2.9610384,2.8613625,2.9503856,2.8600292,3.19189,3.1
T000179,1979-01-31,3.1675444,3.2531738,2.9901373,2.9196434,2.8719978,2.8
T000179,1979-04-30,2.828235,2.7638772,2.959504,2.9242857,2.9875543,2.87
T000179,1979-07-31,2.9195971,2.8087144,2.8379567,2.8692548,2.8777747,2.5
T000179,1979-10-31,2.6129143,2.285292,2.6967216,2.86194,2.9384816,2.85
T000180,1978-07-31,379.4155,370.06525,353.6267,381.3068,339.34616,353.0
T000180,1978-10-31,371.89575,325.16064,354.06335,354.63422,379.51187,364.0
T000180,1979-01-31,379.44302,323.0442,358.96463,354.78064,412.01773,387.0
T000180,1979-04-30,399.72046,358.0841,376.4715,354.85065,436.88522,373.0
T000180,1979-07-31,381.48193,338.80817,380.4435,354.8314,430.86462,373.0
T000180,1979-10-31,377.9581,359.56763,373.02505,364.0185,409.45532,371.0
T000181,1978-07-31,2.7199736,3.413438,2.3084478,1.6038302,2.019762,3.9
T000181,1978-10-31,4.399379,6.4668846,3.2133582,2.1999462,1.9683292,5.3
T000181,1979-01-31,5.9145126,8.654327,4.6591344,2.3887823,1.8401694,3.9
T000181,1979-04-30,4.519416,6.4559984,4.644353,2.898475,2.120542,3.3
T000181,1979-07-31,4.0959473,5.6140747,3.619008,3.2970288,1.6468847,3.6
T000181,1979-10-31,4.3501325,5.752926,3.4626715,3.5979323,1.690449,4.4
T000182,1978-07-31,7517.0723,6832.2593,7436.4434,7575.456,8012.3438,7414.0
T000182,1978-10-31,7505.686,6767.291,7421.975,7440.638,8130.0005,7397.0
T000182,1979-01-31,7500.771,6798.6816,7406.0386,7428.11,8209.527,7471.0
T000182,1979-04-30,7565.0737,7021.458,7437.1255,7428.8145,8094.829,7625.0
T000182,1979-07-31,7688.432,7396.8525,7554.505,7428.2036,8027.14,7756.0
T000182,1979-10-31,7801.6963,7778.3735,7696.033,7427.596,7889.548,7824.0
T000183,1978-07-31,1.0986593,1.0342777,1.1150616,1.100055,1.1458534,1.08
T000183,1978-10-31,1.0874617,1.0128461,1.0853168,1.089944,1.154899,1.08
T000183,1979-01-31,1.0886072,1.0195134,1.1050617,1.0901872,1.1607873,1.08
T000183,1979-04-30,1.0899076,1.027989,1.1050617,1.080041,1.1522057,1.09
T000183,1979-07-31,1.0970467,1.0553473,1.0854224,1.0799544,1.1384666,1.08
T000183,1979-10-31,1.0836042,1.0462346,1.0853168,1.0800306,1.1280155,1.08
T000184,1978-07-31,78.604454,115.55113,63.084476,54.972378,25.23653,84.0
T000184,1978-10-31,98.69598,148.0022,74.84477,61.897404,32.39596,99.0
T000184,1979-01-31,112.11826,157.94852,92.13358,63.811863,34.086784,59.0
T000184,1979-04-30,71.11456,87.94677,80.26721,63.892044,43.96654,55.0
T000184,1979-07-31,70.36603,74.59375,57.12672,61.85837,35.03859,60.0
T000184,1979-10-31,70.824974,68.808,57.711193,59.912113,52.285057,71.0
T000185,1978-07-31,82.86893,10.615372,75.02506,74.82399,140.64871,59.0
T000185,1978-10-31,67.66016,-11.320671,67.50688,75.12721,155.46378,60.0
T000185,1979-01-31,72.362915,4.5295563,59.54224,65.127464,141.60855,80.0
T000185,1979-04-30,89.256294,46.940823,70.84477,65.00195,128.44055,87.0
T000185,1979-07-31,91.14741,65.93074,83.79567,75.01467,120.70451,82.0
T000185,1979-10-31,85.44655,75.24357,84.6584,75.08725,108.44299,84.0
T000186,1978-07-31,368.15997,375.9427,365.08447,362.02127,355.3503,363.0
T000186,1978-10-31,364.87897,369.1084,364.59503,363.00708,357.79025,361.0
T000186,1979-01-31,363.23013,365.8695,362.06335,361.995,357.8485,363.0
T000186,1979-04-30,364.7885,366.8916,362.08447,363.005,357.97507,364.0
T000186,1979-07-31,364.5908,365.78955,363.54224,363.01062,361.1189,361.0
T000186,1979-10-31,361.38867,359.45398,362.59503,363.03006,362.54144,360.0
T000187,1978-07-31,9.316122,1.5587101,6.5165286,7.486835,14.229736,15.2
T000187,1978-10-31,18.130669,19.145508,10.71394,7.491747,14.895895,24.2
T000187,1979-01-31,25.505566,30.592842,20.080149,11.601854,15.660446,12.2
T000187,1979-04-30,13.890435,12.636569,18.580164,12.274338,19.034063,9.1
T000187,1979-07-31,12.755402,13.138544,10.748209,9.0637245,10.333793,20.4
T000187,1979-10-31,23.72791,32.47129,15.227298,12.171339,10.172058,26.2
T000188,1978-07-31,8.089575,8.471326,8.929201,7.6487455,7.7628183,4.9
T000188,1978-10-31,5.7720175,3.8446913,6.335537,6.2054167,6.621362,4.6
T000188,1979-01-31,5.779172,3.5885355,4.759504,6.120772,7.562501,7.5
T000188,1979-04-30,7.977928,6.5234647,6.1724925,6.1163473,7.2536182,4.9
T000188,1979-07-31,5.1593676,1.5244212,6.2823687,4.8783045,9.68709,3.4
T000188,1979-10-31,4.075459,-0.32799864,4.1975207,4.895094,8.279718,3.9
T000189,1978-07-31,63.191708,66.67099,61.954224,60.800983,57.944515,63.8
T000189,1978-10-31,64.93252,68.58172,62.976032,61.89299,58.322205,62.7
T000189,1979-01-31,63.656597,66.35999,63.284847,61.89062,60.15904,64.4
T000189,1979-04-30,65.49365,68.69561,63.621807,61.99356,59.798122,65.8
T000189,1979-07-31,66.80597,71.044205,65.15914,62.69385,61.617733,68.3
T000189,1979-10-31,69.54664,74.73768,67.1556,63.790627,61.69442,67.1
T000190,1966-07-31,148.00006,-87.96033,105.10193,114.54702,360.53235,145.0
T000190,1966-10-31,197.53647,63.94458,122.11194,114.65329,329.11615,238.0
T000190,1967-01-31,252.64032,158.76178,195.4282,144.47234,255.10475,103.0
T000190,1967-04-30,121.7972,-28.219833,174.77684,113.76371,369.61722,84.0
T000190,1967-07-31,117.99483,22.242203,94.10193,102.61398,187.02861,144.0
T000190,1967-10-31,173.56213,147.75253,116.534325,102.7453,195.08911,333.0
T000191,1970-07-31,112.27762,112.505936,91.893875,73.980316,99.76485,74.0
T000191,1970-10-31,76.06906,57.193817,91.54545,74.13748,101.09561,65.0
T000191,1971-01-31,70.145584,54.645958,69.785126,74.0306,92.49422,69.0
T000191,1971-04-30,77.20027,66.29947,67.16895,68.9528,85.33169,98.0
T000191,1971-07-31,102.31777,110.91968,84.72492,73.82273,77.54832,102.0
T000191,1971-10-31,105.19182,118.71834,100.16895,73.91952,94.91918,90.0
T000192,1989-07-31,83.02088,68.07784,85.91184,92.082504,100.79196,94.0
T000192,1989-10-31,96.91466,91.49583,87.13358,91.993515,93.17027,96.0
T000192,1990-01-31,97.49496,95.778946,95.08448,93.96843,99.72475,94.0
T000192,1990-04-30,94.77456,90.74397,95.06336,93.969696,94.085144,80.0
T000192,1990-07-31,84.33729,74.846794,87.44353,91.98932,96.87632,93.0
T000192,1990-10-31,96.25235,95.83423,87.0491,92.96294,84.37699,84.0
T000193,1987-07-31,466.67072,360.925,482.66113,521.877,570.15564,470.0
T000193,1987-10-31,510.43976,440.43494,455.35162,502.25275,552.36444,624.0
T000193,1988-01-31,643.15424,643.8134,553.50476,522.41656,558.70807,520.0
T000193,1988-04-30,531.3124,456.79083,575.29474,521.28186,639.38416,448.0
T000193,1988-07-31,477.63623,371.85287,486.28098,469.64276,582.8478,507.0
T000193,1988-10-31,542.52325,515.68835,479.9921,469.91077,563.0844,832.0
T000194,1985-07-31,109.25399,115.68644,106.93026,101.77145,100.2823,107.7
T000194,1985-10-31,109.404785,115.7708,107.75317,102.47253,100.41565,107.1
T000194,1986-01-31,109.29172,115.678024,107.419,105.921616,101.10236,110.4
T000194,1986-04-30,112.822655,120.62633,108.88939,107.088936,101.14423,110.7
T000194,1986-07-31,112.68939,119.50628,110.562675,107.68583,102.35747,107.4
T000194,1986-10-31,109.09881,112.27205,109.15455,107.68218,102.13554,101.9
T000195,1985-07-31,39.42065,39.02517,39.512672,40.001144,39.70548,39.5
T000195,1985-10-31,39.60426,39.110867,39.408447,39.715096,39.80476,39.4
T000195,1986-01-31,39.50886,38.735416,39.453167,39.502003,40.14751,38.6
T000195,1986-04-30,38.742496,37.314453,39.025345,39.40149,40.010647,38.8
T000195,1986-07-31,39.019382,37.696487,38.708447,39.305576,40.327312,38.5
T000195,1986-10-31,38.704536,37.056602,38.659504,38.809917,40.241184,38.5
T000196,1985-07-31,2902.294,3766.4358,2069.2937,1484.1108,1625.4363,1158.0
T000196,1985-10-31,1654.4144,671.7988,1909.2643,1156.8431,1585.3328,1130.0
T000196,1986-01-31,1795.2017,1178.1857,1144.8871,1125.991,2486.6707,4075.0
T000196,1986-04-30,4571.996,6183.725,2726.893,1144.072,1699.8982,2840.0
T000196,1986-07-31,3130.5942,3217.4285,3496.6252,1461.171,3078.0054,1638.0
T000196,1986-10-31,1985.3405,2383.6357,2277.0798,1629.9884,1884.5968,1295.0
T000197,1987-07-31,133.19978,147.76657,128.08447,120.99362,112.07694,133.0
T000197,1987-10-31,137.44351,153.83554,131.16896,123.99304,114.24845,136.0
T000197,1988-01-31,140.71417,157.46825,134.62671,126.98724,116.67872,141.0
T000197,1988-04-30,146.10564,165.05835,138.7112,128.9912,118.99122,149.0
T000197,1988-07-31,154.89723,178.4607,145.3379,132.96869,122.10374,155.0
T000197,1988-10-31,161.7675,187.77771,152.25343,135.95473,125.713326,161.0
T000198,1985-07-31,1310.2151,1298.4595,1296.6758,1281.0199,1343.4528,1323.0
T000198,1985-10-31,1329.0146,1356.4795,1314.3025,1287.8948,1294.9174,1330.0
T000198,1986-01-31,1338.1831,1375.869,1326.7957,1289.858,1293.8546,1334.0
T000198,1986-04-30,1345.7405,1393.2145,1332.169,1304.1348,1286.0024,1306.0
T000198,1986-07-31,1319.2163,1342.8585,1320.8871,1306.1519,1279.2339,1263.0
T000198,1986-10-31,1274.2588,1257.36,1285.8623,1306.2747,1273.1157,1222.0
T000199,1985-07-31,79.712654,64.0258,75.28017,95.40798,81.058014,78.6
T000199,1985-10-31,87.04463,68.49346,74.15971,81.16939,88.52869,100.4
T000199,1986-01-31,104.75745,91.53271,90.42081,80.95878,103.77359,77.8
T000199,1986-04-30,81.92812,50.50827,89.81598,78.525444,118.045494,107.2
T000199,1986-07-31,114.25185,116.70996,93.74182,78.49268,113.11649,202.6
T000199,1986-10-31,217.67023,299.97137,158.92957,78.078384,119.99483,293.4
T000200,1985-07-31,75.91911,105.05423,61.318058,39.699127,43.492714,81.9
T000200,1985-10-31,91.02576,131.0677,76.04066,52.13193,39.455967,90.0
T000200,1986-01-31,100.94853,145.7709,86.29213,52.864132,40.724064,72.5
T000200,1986-04-30,84.979,120.179794,81.804405,69.328224,36.661415,45.1
T000200,1986-07-31,57.385853,64.070496,59.66804,69.20037,30.302362,40.2
T000200,1986-10-31,49.68691,43.074284,42.805233,69.52532,39.396168,38.5
T000201,1985-07-31,816.32245,841.5048,811.19006,794.1938,784.32794,813.0
T000201,1985-10-31,822.7486,850.6262,810.7112,807.9927,780.7034,837.0
T000201,1986-01-31,846.7343,887.80914,826.01373,809.89606,789.98224,846.0
T000201,1986-04-30,856.7544,899.3908,841.8801,812.8387,794.7049,836.0
T000201,1986-07-31,848.25183,883.85297,841.31683,813.847,798.59357,840.0
T000201,1986-10-31,853.52954,890.43677,838.16895,835.977,799.79236,853.0
T000202,1985-07-31,4.6019864,5.9563093,4.075206,3.1773903,2.8001738,4.2
T000202,1985-10-31,4.599029,6.16484,4.2212667,3.3466265,2.5069692,4.64
T000202,1986-01-31,5.1277986,6.773863,4.4385853,3.8809917,2.8944578,4.93
T000202,1986-04-30,5.4996204,7.3366556,4.797249,4.1999254,2.991541,4.45
T000202,1986-07-31,4.9066706,6.0714207,4.705206,4.238484,2.6453714,2.49
T000202,1986-10-31,2.8682554,2.1295595,3.5320933,4.240163,3.1559157,2.07
